Agency,10-Competitive Service - Career,15-Competitive Service - Career-Conditional,30-Excepted Service - Schedule A,32-Excepted Service - Schedule B,36-Excepted Service - Executive,38-Excepted Service - Other,50-Senior Executive Service - Career,55-Senior Executive Service - Non-Career,**-Unspecified,Total Permanent,20-Competitive Service,40-Excepted Service - Schedule A,42-Excepted Service - Schedule B,44-Excepted Service - Schedule C,46-Excepted Service - Executive,48-Excepted Service - Other,60-Senior Executive Service - Limited Term,65-Senior Executive Service - Limited Emergency,Total Non-permanent,Unspecified,Total Appointments
AB00-AMERICAN BATTLE MONUMENTS COMMISSION,42,0,0,0,0,0,0,0,0,42,5,0,0,0,1,0,0,0,6,1,49
AF02-AIR FORCE INSPECTION AND SAFETY CENTER,22,1,0,0,0,0,0,0,0,23,0,0,0,0,0,0,0,0,0,0,23
AF03-AIR FORCE OPERATIONAL TEST AND EVALUATION CENTER,143,8,1,2,0,8,0,0,0,162,0,0,2,0,0,0,0,0,2,0,164
AF04-AIR FORCE COMMUNICATIONS AGENCY,250,10,3,1,0,2,0,0,0,266,9,0,14,0,0,0,0,0,23,0,289
AF05-AIR FORCE INTELLIGENCE SERVICE,0,0,0,0,0,43,0,0,0,43,0,0,0,0,0,1,0,0,1,0,44
AF06-AIR FORCE AUDIT AGENCY,674,2,0,48,0,2,3,0,0,729,1,0,2,0,0,0,0,0,3,0,732
AF07-AIR FORCE OFFICE OF SPECIAL INVESTIGATIONS,155,0,372,3,0,77,2,0,0,609,3,7,0,0,0,0,0,0,10,0,619
AF08-AIR FORCE OFFICE OF SECURITY POLICE,17,0,0,0,0,1,0,0,0,18,11,0,0,0,0,0,0,0,11,0,29
AF09-AIR FORCE PERSONNEL CENTER,776,59,6,5,0,13,1,0,0,860,17,0,9,0,0,0,0,0,26,0,886
AF0B-U.S. AIR FORCE ACADEMY,847,122,7,4,0,14,0,0,0,994,16,271,30,0,0,1,0,0,318,0,1312
"AF0D-U.S. AIR FORCES, EUROPE",1093,8,20,1,0,34,0,0,0,1156,28,524,0,0,0,2,0,0,554,0,1710
AF0J-AIR EDUCATION AND TRAINING COMMAND,11762,1390,73,76,0,280,3,0,0,13584,617,271,396,0,0,3,0,0,1287,0,14871
"AF0M-HEADQUARTERS, AIR FORCE RESERVE",9999,1823,7,13,0,388,4,0,0,12234,96,3,340,0,0,1,0,0,440,0,12674
"AF0N-IMMEDIATE OFFICE, HEADQUARTERS, USAF",668,35,31,0,0,27,57,7,0,825,10,6,2,6,4,8,0,0,36,0,861
AF0R-PACIFIC AIR FORCES,2503,229,11,5,0,62,0,0,0,2810,113,259,7,0,0,5,0,0,384,0,3194
"AF0U-AIR FORCE INTELLIGENCE, SURVEILLANCE, & RECONNAISSANCE AGENCY",2,0,0,6,0,1796,0,0,0,1804,0,1,0,0,0,26,0,0,27,0,1831
AF0V-AIR FORCE SPECIAL OPERATIONS COMMAND,853,209,10,13,0,84,1,0,0,1170,72,126,10,0,0,6,0,0,214,0,1384
AF11-AIR FORCE MANPOWER AGENCY,203,51,0,0,0,6,0,0,0,260,0,0,0,0,0,0,0,0,0,0,260
"AF1A-AIR FORCE C2 & INTELLIGENCE, SURVEILLANCE & RECONNAISSANCE",34,9,0,0,0,4,1,0,0,48,3,0,0,0,0,0,0,0,3,0,51
AF1C-AIR COMBAT COMMAND,7774,1232,26,20,0,513,1,0,1,9567,296,167,139,0,0,21,0,0,623,0,10190
AF1G-AIR FORCE LOGISTICS MANAGEMENT AGENCY,16,1,0,0,0,0,0,0,0,17,0,0,0,0,0,0,0,0,0,0,17
AF1L-AIR MOBILITY COMMAND,5857,1015,16,7,0,128,2,0,0,7025,308,369,85,0,0,6,0,0,768,0,7793
AF1M-AIR FORCE MATERIEL COMMAND,45645,5543,380,1360,0,988,46,0,1,53963,649,131,549,0,0,28,0,0,1357,0,55320
AF1P-AIR FORCE REAL PROPERTY AGENCY,70,5,10,1,0,0,0,0,0,86,0,1,0,0,0,0,0,0,1,0,87
AF1Q-HQ AF FLIGHT STANDARDS AGENCY,35,7,2,0,0,0,0,0,0,44,1,0,0,0,0,0,0,0,1,0,45
"AF1R-AIR FORCE ELEMENTS, U.S. AFRICA COMMAND",0,0,0,0,0,0,1,0,0,1,0,0,0,0,0,0,0,0,0,0,1
AF1S-SPACE COMMAND,5100,584,47,46,0,952,1,0,0,6730,138,71,72,0,0,16,0,0,297,0,7027
AF1W-AIR FORCE ENGINEERING AND SERVICES CENTER,84,5,3,0,0,0,0,0,0,92,12,0,1,0,0,0,0,0,13,0,105
AF1Y-AIR FORCE CIVILIAN CAREER TRAINING,410,190,34,440,0,36,0,0,0,1110,3,0,0,0,0,0,0,0,3,0,1113
AF21-AIR FORCE NUCLEAR WEAPONS AGENCY,0,0,0,0,0,1,0,0,0,1,0,0,0,0,0,0,0,0,0,0,1
AF24-HQ USAF DIRECT SUPPORT ELEMENT,280,31,0,2,0,19,1,0,0,333,0,0,0,0,0,51,0,0,51,0,384
AF25-AF-WIDE SUPPORT ELEMENT,185,11,19,7,0,119,0,1,0,342,18,11,2,0,0,11,1,0,43,0,385
AF27-AIR FORCE AGENCY FOR MODELING AND SIMULATION,13,0,0,0,0,0,0,0,0,13,0,0,0,0,0,0,0,0,0,0,13
AF2A-AIR FORCE COST CENTER,68,9,0,9,0,0,0,0,0,86,0,0,2,0,0,0,0,0,2,0,88
AF2D-AIR FORCE PERSONNEL OPERATIONS AGENCY,67,0,1,0,0,0,0,0,0,68,0,0,0,0,0,0,0,0,0,0,68
AF2E-AIR FORCE LEGAL SERVICES CENTER,70,10,68,1,0,9,0,0,0,158,1,7,3,0,0,1,0,0,12,0,170
AF2F-AIR FORCE MEDICAL SERVICES CENTER,76,1,2,0,0,0,0,0,0,79,1,0,1,0,0,0,0,0,2,0,81
AF2G-AIR FORCE SERVICE INFORMATION AND NEWS CENTER,67,0,0,0,0,1,0,0,0,68,2,0,2,0,0,0,0,0,4,0,72
AF2I-AIR NATIONAL GUARD SUPPORT CENTER,388,29,4,3,0,3,0,0,0,427,13,0,14,0,0,0,0,0,27,0,454
AF2K-U.S. AIR FORCE HISTORICAL RESEARCH CENTER,30,3,0,1,0,0,0,0,0,34,0,0,0,0,0,0,0,0,0,0,34
AF2L-AIR FORCE TECHNICAL APPLICATIONS CENTER,0,0,0,0,0,245,0,0,0,245,0,0,0,0,0,16,0,0,16,0,261
AF2M-AIR FORCE REVIEW BOARDS OFFICE,40,0,3,0,0,2,1,0,0,46,0,0,1,0,0,0,0,0,1,0,47
AF2Q-AIR WEATHER SERVICE,160,2,0,0,0,6,0,0,0,168,2,0,1,0,0,0,0,0,3,0,171
AF2R-AIR FORCE PROGRAM EXECUTIVE OFFICE,12,5,0,0,0,0,1,0,0,18,0,0,0,0,0,0,0,0,0,0,18
AF2S-HQ NORAD,27,0,0,0,0,0,0,0,0,27,0,0,0,0,0,0,0,0,0,0,27
AF2T-AIR FORCE SUPPLY CENTER,47,4,1,0,0,0,1,0,0,53,0,0,6,0,0,0,0,0,6,0,59
"AF2U-AIR FORCE MORALE, WELFARE AND RECREATION CENTER",151,4,5,0,0,1,0,0,0,161,3,0,0,0,0,0,0,0,3,0,164
AF2Z-HQ AIR FORCE MEDICAL OPERATIONS AGENCY,77,4,0,0,0,0,0,0,0,81,0,0,4,0,0,0,0,0,4,0,85
AF34-AIR NATIONAL GUARD UNITS (MOBILIZATION) (TITLE 5),570,67,0,2,0,12,0,0,0,651,24,0,12,0,0,2,0,0,38,0,689
"AF3C-AIR FORCE ELEMENTS, U.S. CENTRAL COMMAND",105,0,1,0,0,4,1,0,0,111,21,6,0,0,0,0,0,0,27,0,138
"AF3D-AIR FORCE ELEMENTS, U.S. SPECIAL OPERATIONS COMMAND",546,7,3,2,0,223,8,0,0,789,27,0,0,0,0,11,0,0,38,0,827
"AF3N-AIR FORCE ELEMENTS, U.S. ATLANTIC COMMAND",24,0,0,0,0,91,0,0,0,115,13,1,0,0,0,3,0,0,17,0,132
"AF3Q-AIR FORCE ELEMENTS, U.S. STRATEGIC COMMAND",512,10,3,8,0,162,4,0,0,699,13,4,19,0,0,4,0,0,40,0,739
"AF3T-AIR FORCE ELEMENTS, U.S. TRANSPORTATION COMMAND",346,26,11,5,0,3,5,0,0,396,8,0,4,0,0,0,0,0,12,0,408
"AF3V-AIR FORCE ELEMENTS, OTHER THAN EUROPE",305,12,4,4,0,79,1,0,0,405,3,8,8,0,0,14,0,0,33,0,438
AF3W-AIR FORCE CENTER FOR ENVIRONMENTAL EXCELLENCE,421,0,4,2,0,3,1,0,0,431,16,3,0,0,0,0,0,0,19,0,450
AF3Y-AIR FORCE FREQUENCY MANAGEMENT AGENCY,18,1,0,0,0,0,0,0,0,19,0,0,0,0,0,0,0,0,0,0,19
"AF4D-AIR FORCE ELEMENTS, U.S. NORTHERN COMMAND",367,7,3,1,0,38,4,0,0,420,13,0,0,0,0,5,0,0,18,0,438
AF4W-AIR FORCE DISTRICT OF WASHINGTON,1058,156,4,15,0,27,0,0,0,1260,18,3,23,0,0,0,0,0,44,0,1304
AF5J-AIR FORCE FINANCIAL SERVICES,7,12,0,0,0,2,1,0,0,22,0,0,0,0,0,0,0,0,0,0,22
AF5K-AIR FORCE PETROLEUM AGENCY,41,3,0,1,0,0,0,0,0,45,0,0,0,0,0,0,0,0,0,0,45
AFNG-AIR NATIONAL GUARD UNITS (TITLE 32),197,108,0,0,1,19675,0,0,0,19981,8,65,0,0,0,2579,0,0,2652,0,22633
"AFZG-U.S. SPECIAL OPERATIONS COMMAND (ANG, TITLE 32)",1,1,0,0,0,216,0,0,0,218,0,0,0,0,0,65,0,0,65,0,283
AG01-OFFICE OF THE SECRETARY OF AGRICULTURE,15,1,0,0,0,0,1,16,0,33,1,1,4,21,12,1,0,1,41,0,74
AG02-AGRICULTURAL MARKETING SERVICE,1883,275,5,38,0,9,10,1,0,2221,1,2202,10,1,0,0,0,0,2214,0,4435
AG03-AGRICULTURAL RESEARCH SERVICE,6002,898,7,79,0,19,33,0,0,7038,401,322,1167,0,0,14,0,0,1904,0,8942
AG07-RURAL HOUSING SERVICE,4840,519,8,27,0,17,7,2,3,5423,33,1,63,52,0,0,1,0,150,0,5573
AG08-RISK MANAGEMENT AGENCY,410,33,0,23,0,10,2,2,1,481,0,0,9,3,0,4,0,0,16,0,497
AG10-FOREIGN AGRICULTURAL SERVICE,409,55,0,14,1,129,4,3,0,615,2,4,189,4,0,40,0,0,239,0,854
AG11-FOREST SERVICE,24524,3737,78,566,0,362,52,0,0,29319,8264,42,2774,0,0,80,0,0,11160,0,40479
AG13-OFFICE OF COMMUNICATIONS,67,9,0,0,0,0,0,1,0,77,0,1,4,8,0,0,0,0,13,0,90
AG14-OFFICE OF THE GENERAL COUNSEL,80,7,203,0,0,1,18,1,0,310,0,1,1,0,1,0,0,0,3,0,313
AG15-RURAL UTILITIES SERVICE,274,24,0,0,0,6,3,1,1,309,0,0,9,3,1,0,0,0,13,0,322
AG16-NATURAL RESOURCES CONSERVATION SERVICE,9916,742,6,210,0,39,23,4,4,10944,230,287,102,4,0,29,0,0,652,0,11596
AG18-ECONOMIC RESEARCH SERVICE,307,36,1,2,0,2,7,0,0,355,0,0,23,0,0,0,0,0,23,0,378
AG20-NATIONAL AGRICULTURAL STATISTICS SERVICE,934,79,0,35,0,3,10,0,0,1061,0,0,7,0,0,1,0,0,8,0,1069
"AG22-COOPERATIVE STATE RESEARCH, EDUCATION, AND EXTENSION SERVICE",273,37,1,0,0,1,8,0,0,320,0,56,6,0,0,4,0,0,66,0,386
AG23-OFFICE OF THE INSPECTOR GENERAL,506,18,9,19,0,2,9,0,0,563,0,0,1,0,1,1,0,0,3,0,566
AG30-FOOD AND NUTRITION SERVICE,1147,112,4,8,0,4,12,1,0,1288,0,1,9,4,0,0,0,0,14,0,1302
AG32-RURAL BUSINESS-COOPERATIVE SERVICE,75,4,0,1,0,0,2,1,0,83,0,0,2,4,0,1,0,0,7,0,90
AG34-ANIMAL AND PLANT HEALTH INSPECTION SERVICE,4760,1081,19,40,0,60,35,1,0,5996,589,1819,218,3,0,21,0,0,2650,0,8646
"AG36-GRAIN INSPECTION, PACKERS AND STOCKYARDS ADMINISTRATION",519,125,1,12,0,2,4,1,0,664,10,101,6,0,0,0,0,0,117,0,781
AG37-FOOD SAFETY AND INSPECTION SERVICE,7717,1495,18,65,0,2,22,0,0,9319,55,595,51,1,0,1,1,0,704,0,10023
AG38-OFFICE OF THE CHIEF ECONOMIST,43,3,1,0,0,0,5,0,0,52,0,1,1,0,0,0,0,0,2,0,54
AG42-OFFICE OF BUDGET AND PROGRAM ANALYSIS,42,4,0,0,0,0,5,0,0,51,0,0,2,0,0,0,0,0,2,0,53
AG90-OFFICE OF THE CHIEF FINANCIAL OFFICER,1053,116,20,1,0,3,7,0,0,1200,4,0,5,1,1,4,0,0,15,0,1215
AGCR-OFFICE OF CIVIL RIGHTS,112,11,0,1,0,0,2,0,0,126,0,0,15,0,0,0,0,0,15,0,141
AGDA-DEPARTMENTAL ADMINISTRATION,416,37,3,1,0,19,6,1,0,483,4,10,16,1,0,8,0,0,39,0,522
AGES-OFFICE OF THE EXECUTIVE SECRETARIAT,17,0,2,3,0,1,0,0,0,23,0,0,2,0,0,0,0,0,2,0,25
AGFA-FARM SERVICE AGENCY,4390,502,8,110,0,16,9,6,1,5042,4,221,38,56,0,0,0,1,320,0,5362
AGHL-HOMELAND SECURITY STAFF,5,9,0,0,0,0,1,0,0,15,0,0,0,0,0,0,0,0,0,0,15
AGIT-OFFICE OF THE CHIEF INFORMATION OFFICER,848,75,0,2,0,6,2,0,0,933,0,0,4,0,0,0,0,0,4,0,937
AGNA-NATIONAL APPEALS DIVISION,77,19,0,0,0,0,0,0,0,96,1,0,0,0,0,0,0,0,1,0,97
AH01-NATIONAL ENDOWMENT FOR THE ARTS,101,29,0,0,0,0,4,2,0,136,3,14,0,2,13,9,0,0,41,0,177
AH02-NATIONAL ENDOWMENT FOR THE HUMANITIES,74,15,1,45,0,1,10,2,0,148,1,2,1,4,25,1,0,0,34,0,182
AH03-INSTITUTE OF MUSEUM AND LIBRARY SERVICES,37,15,2,0,0,7,1,1,0,63,2,0,0,0,22,8,0,0,32,0,95
AM00-AGENCY FOR INTERNATIONAL DEVELOPMENT,869,96,57,0,0,829,23,0,0,1874,22,16,3,0,10,625,0,0,676,0,2550
AN00-AFRICAN DEVELOPMENT FOUNDATION,13,1,3,0,0,1,0,0,0,18,1,1,0,0,0,5,0,0,7,0,25
AP00-APPALACHIAN REGIONAL COMMISSION,5,1,0,0,0,0,0,0,0,6,0,1,0,1,2,0,0,0,4,0,10
AR3A-U.S. ARMY CENTRAL,166,6,2,0,0,9,0,0,0,183,9,5,0,0,0,0,0,0,14,0,197
AR5A-U.S. ARMY NORTH,223,23,3,0,0,14,0,0,0,263,13,0,0,0,0,1,0,0,14,0,277
ARAC-U.S. ARMY CONTRACTING AGENCY,1627,166,29,60,0,46,4,0,0,1932,18,6,13,0,0,0,0,0,37,0,1969
ARAE-U.S. ARMY ACQUISITION SUPPORT CENTER,3385,139,10,112,0,69,12,0,0,3727,42,19,50,0,0,10,0,0,121,0,3848
ARAS-U.S. ARMY INTELLIGENCE AND SECURITY COMMAND,0,0,1,0,0,2128,0,0,0,2129,0,0,0,0,0,36,0,0,36,0,2165
ARAT-U.S. ARMY TEST AND EVALUATION COMMAND,3629,181,7,192,0,103,6,0,0,4118,61,0,22,0,0,20,0,0,103,0,4221
ARBA-U.S. ARMY INSTALLATION MANAGEMENT COMMAND,26400,4120,289,107,0,1704,7,0,0,32627,1772,655,70,0,0,754,0,0,3251,0,35878
ARCB-U.S. ARMY CRIMINAL INVESTIGATION COMMAND,577,15,3,8,0,44,0,0,0,647,57,3,0,0,0,4,0,0,64,0,711
ARCE-U.S. ARMY CORPS OF ENGINEERS,26054,1776,380,1052,0,331,37,0,0,29630,1799,344,730,0,2,26,0,0,2901,0,32531
ARCS-IMMEDIATE OFFICE OF THE CHIEF OF STAFF OF THE ARMY,1150,1,10,3,0,190,24,0,0,1378,7,1,8,0,0,11,0,0,27,0,1405
ARE1-IMMEDIATE OFFICE OF THE COMMANDER-IN-CHIEF OF THE U.S. ARMY EUROPE AND SEVENTH ARMY,741,19,31,0,0,76,7,0,0,874,73,207,1,0,0,8,0,0,289,0,1163
ARE2-21ST THEATER ARMY AREA COMMAND,223,3,0,0,0,9,0,0,0,235,19,70,0,0,0,0,0,0,89,0,324
ARE3-U.S. ARMY SOUTHERN EURPOEAN TASK FORCE,20,0,0,0,0,2,0,0,0,22,1,6,0,0,0,0,0,0,7,0,29
ARE5-U.S. ARMY V CORPS,88,0,0,0,0,4,0,0,0,92,10,40,0,0,0,2,0,0,52,0,144
AREB-1ST PERSONNEL COMMAND,3,0,0,0,0,0,0,0,0,3,0,0,0,0,0,0,0,0,0,0,3
AREN-SEVENTH ARMY TRAINING COMMAND,273,0,0,0,0,11,0,0,0,284,20,21,0,0,0,0,0,0,41,0,325
ARFC-U.S. ARMY FORCES COMMAND,1709,187,26,0,0,213,3,0,0,2138,311,210,1,0,0,273,0,0,795,0,2933
ARG6-U.S. ARMY NETWORK ENTERPRISE TECHNOLOGY COMMAND/9TH ARMY SIGNAL COMMAND,1705,89,6,0,0,97,2,0,0,1899,44,24,11,0,0,2,0,0,81,0,1980
ARGB-OFFICE OF THE CHIEF OF THE NATIONAL GUARD BUREAU,348,8,1,0,0,8,0,0,0,365,4,0,9,0,0,0,0,0,13,0,378
ARHR-U.S. ARMY RESERVE COMMAND,5920,1035,6,1,0,1119,1,0,0,8082,236,1,0,0,0,1,0,0,238,0,8320
ARJ1-U.S. ARMY ELEMENT SHAPE,29,1,0,0,0,26,0,0,0,56,0,15,0,0,0,0,0,0,15,0,71
ARJA-JOINT ACTIVITIES,1009,14,9,1,0,576,8,0,0,1617,81,67,0,0,0,59,0,0,207,0,1824
ARMA-U.S. MILITARY ACADEMY,409,46,9,0,0,9,0,0,0,473,43,180,2,0,0,14,0,0,239,0,712
ARMC-U.S. ARMY MEDICAL COMMAND,22766,7546,68,17,0,1053,6,0,0,31456,1880,642,84,0,0,172,0,0,2778,0,34234
ARMW-U.S. ARMY MILITARY DISTRICT OF WASHINGTON,298,73,5,0,0,17,1,0,1,395,6,0,0,0,0,12,0,0,18,0,413
ARNG-ARMY NATIONAL GUARD UNITS (TITLE 32),1275,251,2,0,0,21857,0,0,0,23385,35,966,10,0,0,5072,0,0,6083,0,29468
"ARP1-U.S. ARMY, PACIFIC",542,24,3,0,0,85,0,0,0,654,40,33,0,0,0,6,0,0,79,0,733
ARP8-EIGHTH U.S. ARMY,366,79,0,1,0,14,0,0,0,460,7,45,0,0,0,3,0,0,55,0,515
ARSA-OFFICE OF THE SECRETARY OF THE ARMY,724,0,23,1,0,11,42,11,0,812,10,1,12,14,6,115,2,0,160,0,972
ARSB-FIELD OPERATING OFFICES OF THE OFFICE OF THE SECRETARY OF THE ARMY,1031,242,16,1381,0,103,5,0,0,2778,12,6,2,0,0,1,0,0,21,0,2799
ARSC-U. S. ARMY SPACE AND MISSILE DEFENSE COMMAND/U. S. ARMY FORCES STRATEGIC COMMAND,691,41,10,10,0,49,7,0,0,808,24,2,5,0,0,5,0,0,36,0,844
ARSE-FIELD OPERATING AGENCIES OF THE ARMY STAFF RESOURCED THROUGH OA-22,5526,243,67,223,0,87,4,0,0,6150,84,30,118,0,0,10,0,0,242,0,6392
ARSF-FIELD OPERATING AGENCIES OF THE ARMY STAFF,31,8,25,0,0,5,0,0,0,69,1,0,0,0,0,1,0,0,2,0,71
"ARSJ-JOINT SERVICES AND ACTIVITIES SUPPORTED BY THE OFFICE, SECRETARY OF THE ARMY",812,23,26,0,0,34,0,0,0,895,6,137,29,0,0,31,0,0,203,0,1098
ARSO-U.S. ARMY SOUTH,192,0,4,0,0,31,0,0,0,227,6,1,0,0,0,0,0,0,7,0,234
ARSP-U.S. SPECIAL OPERATIONS COMMAND (ARMY),876,162,4,5,0,154,0,0,0,1201,126,6,29,0,0,24,0,0,185,1,1387
ARTA-U.S. ARMY ACCESSIONS COMMAND,2103,107,10,8,0,131,0,0,0,2359,109,0,1,0,0,1,0,0,111,0,2470
ARTC-U.S. ARMY TRAINING AND DOCTRINE COMMAND,7203,1253,478,45,0,700,12,0,0,9691,698,1283,119,0,0,298,0,0,2398,0,12089
ARTM-U.S. MILITARY ENTRANCE PROCESSING COMMAND,1238,601,2,1,0,162,0,0,0,2004,29,0,3,0,0,2,0,0,34,0,2038
ARTW-U.S. ARMY WAR COLLEGE,248,4,0,1,0,14,0,0,0,267,1,63,0,0,0,15,0,0,79,0,346
"ARX2-HEADQUARTERS, AMC",501,25,17,1,0,3,12,0,0,559,7,2,12,0,0,2,0,0,23,0,582
"ARX3-HEADQUARTERS, STAFF SUPPORT ACTIVITIES, AMC",22,0,0,0,0,0,0,0,0,22,0,0,0,0,0,0,0,0,0,0,22
"ARX4-TRAINING ACTIVITIES, AMC",183,0,0,1,0,4,0,0,0,188,0,0,0,0,0,0,0,0,0,0,188
ARX6-U.S. ARMY AVIATION AND MISSILE COMMAND,6940,1525,46,266,0,197,7,0,0,8981,96,0,24,0,0,6,0,0,126,0,9107
ARX7-U.S. ARMY TANK-AUTOMOTIVE AND ARMAMENT COMMAND (TACOM),9189,1904,59,476,0,375,4,0,0,12007,1560,1933,121,0,0,24,0,0,3638,0,15645
ARX8-U.S. ARMY COMMUNICATIONS ELECTRONICS COMMAND,5687,1284,46,520,0,246,5,0,0,7788,219,7,99,0,0,0,0,0,325,0,8113
ARXB-U.S. ARMY CHEMICAL MATERIALS AGENCY,1127,235,4,0,0,44,1,0,0,1411,17,0,1,0,0,0,0,0,18,0,1429
ARXC-U.S. ARMY SUSTAINMENT COMMAND,975,50,26,2,0,19,4,0,0,1076,36,97,10,0,0,44,1,0,188,0,1264
ARXK-MATERIEL ACQUISITION ACTIVITIES,110,0,0,0,0,34,1,0,0,145,0,0,0,0,0,0,0,0,0,0,145
ARXL-MATERIEL ACQUISITION PROJECT MANAGERS,6,0,0,0,0,0,0,0,0,6,0,0,0,0,0,0,0,0,0,0,6
ARXP-U.S. ARMY SECURITY ASSISTANCE COMMAND,389,9,0,8,0,7,1,0,0,414,8,0,13,0,0,0,0,0,21,0,435
ARXQ-U.S. ARMY JOINT MUNITIONS COMMAND,4002,717,29,42,0,174,1,0,0,4965,824,296,6,0,0,0,0,0,1126,0,6091
"ARXR-U.S. ARMY RESEARCH, DEVELOPMENT AND ENGINEERING COMMAND",11148,1184,32,976,0,208,32,0,1,13581,214,7,271,0,0,3,0,0,495,0,14076
ARXT-U.S. ARMY MILITARY SURFACE DEPLOYMENT AND DISTRIBUTION COMMAND,1015,137,5,10,0,29,1,0,0,1197,13,4,11,0,0,4,0,0,32,0,1229
ARXX-MATERIEL READINESS ACTIVITIES,339,5,0,0,0,1,0,0,0,345,0,2,0,0,0,1,0,0,3,0,348
AU00-FEDERAL LABOR RELATIONS AUTHORITY,47,2,56,0,0,1,8,0,0,114,0,0,0,1,9,1,0,0,11,0,125
AW00-ARCTIC RESEARCH COMMISSION,2,1,0,0,0,0,1,0,0,4,0,1,0,0,0,5,0,0,6,0,10
BD00-MERIT SYSTEMS PROTECTION BOARD,77,14,79,0,0,27,11,2,0,210,0,0,0,2,2,0,0,0,4,0,214
BF00-DEFENSE NUCLEAR FACILITIES SAFETY BOARD,18,2,8,0,0,51,9,0,0,88,0,0,0,0,5,0,0,0,5,0,93
BG00-PENSION BENEFIT GUARANTY CORPORATION,581,159,92,11,0,2,0,0,0,845,3,5,36,2,1,1,0,0,48,0,893
BK00-JAMES MADISON MEMORIAL FELLOWSHIP FOUNDATION,0,0,0,0,0,6,0,0,0,6,0,0,0,0,0,0,0,0,0,0,6
BO00-OFFICE OF MANAGEMENT AND BUDGET,259,94,31,1,0,0,58,8,0,451,0,2,15,18,5,2,0,0,42,0,493
BT00-ARCHITECTURAL AND TRANSPORTATION BARRIERS COMPLIANCE BOARD,21,0,5,0,0,0,1,0,0,27,0,0,0,0,13,0,0,0,13,0,40
BW00-NUCLEAR WASTE TECHNICAL REVIEW BOARD,4,0,0,0,0,6,0,0,0,10,0,0,0,0,11,2,0,0,13,0,23
BZ00-CHRISTOPHER COLUMBUS FELLOWSHIP FOUNDATION,0,0,0,0,0,1,0,0,0,1,0,0,0,0,4,10,0,0,14,0,15
CC00-COMMISSION ON CIVIL RIGHTS,24,5,7,0,0,0,1,1,0,38,1,0,0,5,4,8,0,0,18,0,56
CE00-COUNCIL OF ECONOMIC ADVISERS,4,0,0,0,0,0,1,0,0,5,0,0,0,3,2,13,0,0,18,0,23
CF00-COMMISSION OF FINE ARTS,6,3,0,0,0,0,1,0,0,10,0,0,0,0,0,0,0,0,0,0,10
CM51-OFFICE OF THE SECRETARY,512,62,145,11,0,3,27,9,0,769,2,10,8,40,6,1,1,0,68,0,837
CM52-ECONOMIC DEVELOPMENT ADMINISTRATION,114,16,13,1,0,1,8,2,0,155,4,0,3,4,1,1,0,0,13,0,168
CM53-BUREAU OF ECONOMIC ANALYSIS,383,91,1,7,0,1,10,0,0,493,0,0,6,0,0,1,0,0,7,0,500
CM54-NATIONAL OCEANIC AND ATMOSPHERIC ADMINISTRATION,10258,1303,490,96,0,60,112,5,0,12324,132,74,113,5,2,34,1,0,361,0,12685
CM55-INTERNATIONAL TRADE ADMINISTRATION,1030,145,8,8,0,167,23,9,0,1390,1,5,7,37,5,84,1,0,140,0,1530
CM56-PATENT AND TRADEMARK OFFICE,5665,876,586,2277,0,30,50,0,0,9484,1,2,11,5,1,16,0,0,36,0,9520
CM57-NATIONAL INSTITUTE OF STANDARDS AND TECHNOLOGY,2174,391,0,3,0,1,34,0,0,2603,111,135,111,0,0,2,0,0,359,0,2962
CM59-MINORITY BUSINESS DEVELOPMENT AGENCY,62,8,0,0,0,0,1,2,0,73,2,0,0,1,0,4,0,0,7,0,80
CM61-NATIONAL TELECOMMUNICATIONS AND INFORMATION ADMINISTRATION,193,24,13,4,0,0,8,2,0,244,2,9,13,3,0,0,0,0,27,0,271
CM62-NATIONAL TECHNICAL INFORMATION SERVICE,117,1,0,0,0,0,2,0,0,120,0,0,0,0,0,0,0,0,0,0,120
CM63-BUREAU OF THE CENSUS,4780,1154,5979,2,0,32,34,1,0,11982,536,861,87,1,1,2,12,0,1500,0,13482
CM64-OFFICE OF THE INSPECTOR GENERAL,88,10,6,0,0,0,3,0,0,107,0,1,1,0,1,1,0,0,4,0,111
CM65-ECONOMICS AND STATISTICS ADMINISTRATION,36,0,0,0,0,0,3,2,0,41,1,0,0,1,1,0,0,0,3,0,44
CM67-BUREAU OF INDUSTRY AND SECURITY,295,30,0,0,0,1,11,0,0,337,2,0,3,6,3,0,0,0,14,0,351
CT00-COMMODITY FUTURES TRADING COMMISSION,265,17,158,1,0,1,0,0,0,442,1,4,20,10,4,5,0,0,44,0,486
CU00-NATIONAL CREDIT UNION ADMINISTRATION,753,80,22,76,0,3,0,0,0,934,1,0,1,7,3,0,0,0,12,0,946
CX00-NATIONAL COMMISSION ON LIBRARIES AND INFORMATION SCIENCE,0,0,0,0,0,0,0,0,0,0,0,0,0,0,1,16,0,0,17,0,17
DB00-PUBLIC INTEREST DECLASSIFICATION BOARD,0,0,0,0,0,0,0,0,0,0,0,0,0,0,6,3,0,0,9,0,9
DD01-OFFICE OF THE SECRETARY OF DEFENSE,927,0,40,76,0,174,200,57,0,1474,1,43,0,79,15,102,7,0,247,0,1721
DD02-ORGANIZATION OF THE JOINT CHIEFS OF STAFF,189,0,0,0,0,2,5,0,0,196,11,0,0,2,0,2,0,0,15,0,211
DD04-DEFENSE INFORMATION SYSTEMS AGENCY,4170,783,18,245,0,39,27,0,0,5282,18,6,63,0,0,6,0,0,93,0,5375
DD06-DEFENSE SECURITY COOPERATION AGENCY,403,5,8,26,0,0,3,0,0,445,2,24,7,0,0,33,0,0,66,0,511
DD07-DEFENSE LOGISTICS AGENCY,17728,3472,186,765,0,276,26,0,0,22453,140,39,83,0,0,302,0,0,564,0,23017
DD08-U.S. COURT OF APPEALS FOR THE ARMED FORCES,13,0,7,0,1,9,2,0,0,32,0,14,2,0,4,6,0,0,26,0,58
DD09-AMERICAN FORCES INFORMATION SERVICE,234,9,2,0,0,1,1,0,0,247,1,0,0,0,0,0,1,0,2,0,249
DD10-DEFENSE CONTRACT AUDIT AGENCY,3099,331,9,674,0,8,16,0,0,4137,12,1,21,0,0,0,0,0,34,0,4171
DD12-DEFENSE SECURITY SERVICE,4,0,0,0,0,565,6,0,0,575,0,0,0,0,0,2,0,0,2,0,577
DD13-DEFENSE ADVANCED RESEARCH PROJECTS AGENCY,79,0,2,0,0,1,10,1,0,93,20,0,0,0,0,46,1,0,67,0,160
DD16-DEPARTMENT OF DEFENSE EDUCATION ACTIVITY,771,3,5128,1,0,3806,5,0,0,9714,27,4031,3,0,0,1365,0,0,5426,0,15140
DD21-WASHINGTON HEADQUARTERS SERVICES,1107,35,30,6,0,5,13,0,0,1196,6,20,8,16,0,12,1,0,63,0,1259
DD23-OFFICE OF ECONOMIC ADJUSTMENT,31,0,4,0,0,0,1,0,0,36,0,0,0,0,0,0,0,0,0,0,36
DD25-DEFENSE LEGAL SERVICES AGENCY,68,0,77,0,0,13,3,0,0,161,11,33,0,2,0,1,1,0,48,0,209
DD26-OFFICE OF THE INSPECTOR GENERAL,911,0,22,504,0,19,19,0,0,1475,5,16,11,0,0,8,1,0,41,0,1516
DD27-MISSILE DEFENSE AGENCY,1121,1,31,28,0,6,19,0,0,1206,3,1,6,0,0,1,0,0,11,0,1217
DD29-DEFENSE TECHNOLOGY SECURITY ADMINISTRATION,138,0,1,0,0,1,1,0,0,141,0,0,0,0,0,0,0,0,0,0,141
DD34-DEFENSE COMMISSARY AGENCY,8753,2993,22,13,0,130,5,0,0,11916,364,578,2229,0,0,44,0,0,3215,0,15131
DD35-DEFENSE FINANCE AND ACCOUNTING SERVICE,7848,3022,42,670,0,122,23,0,0,11727,119,23,63,0,0,0,0,0,205,0,11932
DD48-DEFENSE HUMAN RESOURCES ACTIVITY,841,1,4,30,0,6,11,1,0,894,7,2,0,0,0,0,1,0,10,0,904
DD58-DEFENSE PRISONER OF WAR/MISSING PERSONNEL OFFICE,34,0,21,0,0,7,0,0,0,62,0,0,0,1,0,0,0,0,1,0,63
DD60-TRICARE MANAGEMENT ACTIVITY,893,41,124,17,0,9,6,0,0,1090,20,159,46,0,0,57,0,0,282,0,1372
DD61-DEFENSE THREAT REDUCTION AGENCY,1094,10,43,6,0,8,13,0,0,1174,4,3,13,0,0,4,0,0,24,0,1198
DD63-DEFENSE CONTRACT MANAGEMENT AGENCY,8515,356,91,230,0,55,11,0,0,9258,101,8,8,0,0,2,0,0,119,0,9377
DD65-PENTAGON FORCE PROTECTION AGENCY,737,234,1,0,0,0,3,0,0,975,0,1,1,0,0,0,0,0,2,0,977
DD68-DEPARTMENT OF DEFENSE TEST RESOURCE MANAGEMENT CENTER,19,0,0,0,0,0,1,0,0,20,1,0,0,0,0,0,0,0,1,0,21
DD69-NATIONAL DEFENSE UNIVERSITY,225,1,0,1,0,4,0,0,0,231,23,2,23,0,1,199,0,0,248,0,479
DD74-DEFENSE TECHNICAL INFORMATION CENTER,258,25,0,0,0,2,1,0,0,286,0,0,0,0,0,0,0,0,0,0,286
DD77-BUSINESS TRANSFORMATION AGENCY,189,0,1,0,0,0,2,0,0,192,0,49,1,0,0,20,4,0,74,0,266
DF00-OFFICE OF THE FEDERAL COORDINATOR FOR ALASKA NATURAL GAS TRANSPORTATION PROJECTS,0,0,0,0,0,0,0,0,0,0,0,0,0,0,1,5,0,0,6,0,6
DJ**-UNSPECIFIED,0,1,0,0,0,0,0,0,0,1,0,0,0,0,0,0,0,0,0,0,1
"DJ01-OFFICES, BOARDS AND DIVISIONS",2388,404,2476,184,0,329,182,36,0,5999,231,355,246,53,17,3,4,0,909,0,6908
DJ02-FEDERAL BUREAU OF INVESTIGATION,1,0,7,0,0,30792,251,0,0,31051,0,0,19,0,1,45,4,0,69,2,31122
DJ03-BUREAU OF PRISONS/FEDERAL PRISON SYSTEM,29419,5845,255,8,0,336,82,1,0,35946,15,31,59,0,0,1,0,0,106,0,36052
DJ06-DRUG ENFORCEMENT ADMINISTRATION,7471,239,474,722,0,45,68,0,0,9019,3,11,49,2,0,0,0,0,65,1,9085
DJ07-OFFICE OF JUSTICE PROGRAMS,463,96,24,4,0,2,14,4,0,607,8,13,8,3,5,0,0,0,37,0,644
DJ08-U.S. MARSHALS SERVICE,4017,413,10,123,0,100,13,1,0,4677,3,1,5,0,7,78,0,0,94,0,4771
DJ09-EXECUTIVE OFFICE FOR U.S. ATTORNEYS AND THE OFFICES OF THE U.S. ATTORNEYS,4319,875,50,194,0,4854,3,1,0,10296,69,11,516,7,68,697,1,0,1369,1,11666
DJ10-OFFICE OF THE INSPECTOR GENERAL,322,35,16,18,0,4,6,0,0,401,0,1,22,0,1,0,0,0,24,0,425
DJ11-U.S. TRUSTEE PROGRAM,148,19,266,690,0,124,3,0,0,1250,0,11,1,0,0,2,0,0,14,0,1264
DJ12-EXECUTIVE OFFICE FOR IMMIGRATION REVIEW,645,146,377,1,0,20,5,0,0,1194,1,97,68,0,0,0,0,0,166,0,1360
DJ14-COMMUNITY RELATIONS SERVICE,29,7,0,0,0,4,0,0,0,40,0,0,0,2,1,0,0,0,3,0,43
"DJ15-BUREAU OF ALCOHOL, TOBACCO, FIREARMS, AND EXPLOSIVES",4225,278,21,73,0,71,46,0,0,4714,2,5,275,2,0,1,0,0,285,0,4999
DLAA-OFFICE OF THE SECRETARY OF LABOR,270,38,12,2,0,66,2,9,0,399,2,44,9,38,2,10,0,0,105,4,508
DLAM-OFFICE OF THE ASSISTANT SECRETARY FOR ADMINISTRATION AND MANAGEMENT,566,45,7,31,0,7,10,0,0,666,4,3,13,5,1,2,0,0,28,0,694
DLBL-BUREAU OF INTERNATIONAL LABOR AFFAIRS,56,18,2,0,0,1,2,2,0,81,1,0,2,1,0,0,0,0,4,0,85
DLCA-OFFICE OF CONGRESSIONAL AND INTERGOVERNMENTAL AFFAIRS,5,0,0,0,0,0,0,1,0,6,0,0,0,17,1,0,0,0,18,0,24
DLCF-OFFICE OF THE CHIEF FINANCIAL OFFICER,50,9,0,0,0,0,3,0,0,62,2,0,0,1,1,0,0,0,4,0,66
DLEB-EMPLOYEE BENEFITS SECURITY ADMINISTRATION,638,95,3,97,0,6,14,1,0,854,0,0,15,1,1,15,0,0,32,0,886
DLEH-OFFICE OF DISABILITY EMPLOYMENT POLICY,28,0,6,0,0,0,2,0,0,36,3,1,0,3,1,0,0,0,8,0,44
DLES-EMPLOYMENT STANDARDS ADMINISTRATION,3139,404,3,110,0,31,23,3,0,3713,205,2,41,13,1,0,0,0,262,5,3980
DLET-EMPLOYMENT AND TRAINING ADMINISTRATION,717,173,4,6,0,10,11,1,0,922,1,1,3,3,0,1,1,0,10,5,937
DLIG-OFFICE OF THE INSPECTOR GENERAL,352,21,3,6,0,15,7,0,0,404,0,0,2,0,1,0,0,0,3,0,407
DLLS-BUREAU OF LABOR STATISTICS,1933,352,1,41,0,5,20,0,0,2352,0,0,1,0,1,0,0,0,2,0,2354
DLMS-MINE SAFETY AND HEALTH ADMINISTRATION,1680,171,0,431,0,16,10,2,0,2310,0,0,6,3,0,1,0,0,10,1,2321
DLPA-OFFICE OF PUBLIC AFFAIRS,39,8,0,1,0,0,1,1,0,50,0,1,0,10,1,0,0,0,12,0,62
DLPE-OFFICE OF THE ASSISTANT SECRETARY FOR POLICY,26,1,0,0,0,0,3,1,0,31,0,0,0,3,1,0,0,0,4,0,35
DLSH-OCCUPATIONAL SAFETY AND HEALTH ADMINISTRATION,1788,230,5,25,0,9,12,1,0,2070,4,0,2,3,1,0,0,0,10,7,2087
DLSL-OFFICE OF THE SOLICITOR,147,2,174,0,0,240,17,0,0,580,6,0,0,4,1,0,0,0,11,2,593
DLVE-VETERANS EMPLOYMENT AND TRAINING SERVICES,167,39,0,1,0,17,3,0,0,227,5,0,0,4,1,0,0,0,10,0,237
DLWB-WOMEN'S BUREAU,46,3,0,1,0,0,0,0,0,50,0,0,1,1,1,0,0,0,3,0,53
DN00-DEPARTMENT OF ENERGY,11122,1899,403,355,1,728,450,28,0,14986,20,22,72,69,19,251,9,0,462,0,15448
DQ00-DENALI COMMISSION,0,0,0,0,0,0,0,0,0,0,0,0,0,0,0,24,0,0,24,0,24
EB00-EXPORT-IMPORT BANK OF THE UNITED STATES,296,27,21,0,0,0,0,0,0,344,1,0,4,6,6,0,0,0,17,0,361
EC00-OFFICE OF ADMINISTRATION,118,41,53,0,0,0,0,0,0,212,1,2,2,0,1,2,0,0,8,0,220
EDEA-IMMEDIATE OFFICE OF THE SECRETARY OF EDUCATION,75,3,5,0,0,1,4,4,0,92,0,0,2,27,1,26,0,0,56,0,148
EDEB-OFFICE OF THE DUTY SECRETARY OF EDUCATION,3,0,1,1,0,0,1,0,0,6,0,0,0,2,1,2,0,0,5,0,11
EDEC-OFFICE FOR CIVIL RIGHTS,315,9,247,1,0,13,3,1,0,589,1,1,23,2,1,0,0,0,28,0,617
"EDED-OFFICE OF PLANNING, EVALUATION AND POLICY DEVELOPMENT",96,8,7,3,0,0,8,1,0,123,0,0,1,4,1,1,0,0,7,0,130
EDEE-OFFICE OF THE UNDER SECRETARY,0,1,0,1,0,0,0,1,0,3,0,0,0,3,1,0,0,1,5,0,8
EDEF-OFFICE OF INSPECTOR GENERAL,222,26,3,13,0,0,6,0,0,270,1,0,1,0,0,0,0,0,2,0,272
EDEG-OFFICE OF THE GENERAL COUNSEL,24,0,57,0,0,13,5,2,0,101,0,1,0,4,1,0,0,0,6,0,107
EDEH-OFFICE OF SPECIAL EDUCATION AND REHABILITATIVE SERVICES,164,43,32,1,0,20,3,1,0,264,0,2,5,2,1,1,0,0,11,0,275
EDEI-OFFICE OF THE CHIEF INFORMATION OFFICER,53,7,0,0,0,1,5,0,0,66,0,0,2,0,0,0,0,0,2,0,68
EDEJ-OFFICE OF LEGISLATION AND CONGRESSIONAL AFFAIRS,11,1,0,0,0,0,0,0,0,12,0,0,1,5,1,0,0,0,7,0,19
EDEL-OFFICE OF THE CHIEF FINANCIAL OFFICER,220,19,2,3,0,1,6,0,0,251,0,0,12,1,1,0,0,0,14,0,265
EDEM-OFFICE OF MANAGEMENT,161,16,9,3,0,2,4,0,0,195,0,0,4,3,1,2,0,0,10,0,205
EDEN-FEDERAL STUDENT AID,793,108,3,15,0,77,12,0,0,1008,0,0,10,0,0,3,0,0,13,0,1021
EDEO-OFFICE OF COMMUNICATIONS AND OUTREACH,79,9,1,0,0,2,1,0,0,92,0,0,1,39,1,0,0,0,41,0,133
EDEP-OFFICE OF POSTSECONDARY EDUCATION,177,11,8,2,0,2,4,1,0,205,0,0,3,2,0,41,0,0,46,0,251
EDEQ-OFFICE OF SAFE AND DRUG-FREE SCHOOLS,34,7,1,0,0,0,1,1,0,44,0,0,0,3,0,8,0,0,11,0,55
EDER-INSTITUTE OF EDUCATION SCIENCES,119,30,0,0,0,0,4,0,0,153,0,0,1,0,2,34,0,0,37,0,190
EDES-OFFICE OF ELEMENTARY AND SECONDARY EDUCATION,163,23,8,6,0,0,4,1,0,205,0,0,0,8,1,39,0,0,48,0,253
EDET-OFFICE OF ENGLISH LANGUAGE ACQUISITION,27,3,0,0,0,0,0,0,0,30,0,0,0,0,0,0,0,0,0,0,30
EDEU-OFFICE OF INNOVATION AND IMPROVEMENT,65,6,2,12,0,0,2,1,0,88,0,0,1,3,0,0,0,0,4,0,92
EDEV-OFFICE OF VOCATIONAL AND ADULT EDUCATION,70,13,2,0,0,0,2,0,0,87,0,0,5,3,1,2,0,0,11,0,98
EDEX-NATIONAL INSTITUTE FOR LITERACY,3,0,0,0,0,8,0,0,0,11,0,0,0,0,0,11,0,0,11,0,22
EDEY-ADVISORY COUNCILS AND COMMITTEES,0,0,0,0,0,5,0,0,0,5,0,0,0,0,0,24,0,0,24,0,29
EDEZ-NATIONAL ASSESSMENT GOVERNING BOARD,6,0,0,0,0,0,0,0,0,6,0,0,0,0,0,30,0,0,30,0,36
EE00-EQUAL EMPLOYMENT OPPORTUNITY COMMISSION,1385,275,488,0,0,4,24,2,0,2178,6,6,7,0,5,0,3,0,27,0,2205
EO00-MORRIS K. UDALL SCHOLARSHIP AND EXCELLENCE IN NATIONAL ENVIRONMENTAL POLICY FOUNDATION,0,0,0,0,0,4,0,0,0,4,0,0,0,0,6,35,0,0,41,0,45
EP00-ENVIRONMENTAL PROTECTION AGENCY,13972,887,1055,542,0,139,258,21,1,16875,81,108,283,29,10,854,1,0,1366,6,18247
EQ00-COUNCIL ON ENVIRONMENTAL QUALITY/OFFICE OF ENVIRONMENTAL QUALITY,2,2,2,0,0,0,0,0,0,6,0,0,1,3,1,10,0,0,15,0,21
EW00-TRADE AND DEVELOPMENT AGENCY,20,12,4,0,0,1,3,0,0,40,0,1,0,0,1,4,0,0,6,0,46
FC00-FEDERAL COMMUNICATIONS COMMISSION,1140,81,485,10,0,7,30,5,0,1758,4,13,17,4,5,21,0,0,64,0,1822
FD00-FEDERAL DEPOSIT INSURANCE CORPORATION,3805,199,237,276,0,5,0,0,0,4522,205,56,87,2,4,63,0,0,417,0,4939
FI00-FEDERAL FINANCIAL INSTITUTIONS EXAMINATION COUNCIL,4,2,1,0,0,0,0,0,0,7,0,0,0,0,0,0,0,0,0,0,7
FJ00-CHEMICAL SAFETY AND HAZARD INVESTIGATION BOARD,16,4,0,6,0,4,1,0,0,31,0,1,0,0,4,0,0,0,5,0,36
FK00-FARM CREDIT SYSTEM INSURANCE CORPORATION,8,1,1,0,0,0,0,0,0,10,0,0,0,0,0,0,0,0,0,0,10
FL00-FARM CREDIT ADMINISTRATION,193,24,13,26,0,1,0,0,0,257,0,0,0,3,3,0,0,0,6,0,263
FM00-FEDERAL MEDIATION AND CONCILIATION SERVICE,58,6,3,0,0,180,2,0,0,249,0,0,0,0,1,0,0,0,1,0,250
FQ01-OFFICE OF THE DIRECTOR,563,245,2,0,0,0,8,0,0,818,16,1,8,0,0,0,0,0,25,0,843
FQ02-PRETRIAL SERVICES AGENCY,268,71,1,0,0,0,3,0,0,343,0,0,0,0,0,0,0,0,0,0,343
FT00-FEDERAL TRADE COMMISSION,340,95,536,3,0,2,30,5,0,1011,75,8,15,2,4,6,1,0,111,0,1122
FW00-OFFICE OF SPECIAL COUNSEL,43,3,41,0,0,3,4,0,0,94,0,5,3,0,1,1,0,0,10,0,104
FY00-FEDERAL HOUSING FINANCE BOARD,107,14,7,0,0,0,0,0,0,128,0,0,1,4,4,0,0,0,9,0,137
GB00-OVERSEAS PRIVATE INVESTMENT CORPORATION,135,24,16,0,0,9,0,0,0,184,1,0,1,0,8,11,0,0,21,0,205
GE00-BARRY GOLDWATER SCHOLARSHIP AND EXCELLENCE IN EDUCATION FOUNDATION,0,0,0,0,0,1,0,1,0,2,0,0,0,0,1,4,0,0,5,0,7
GG00-OFFICE OF GOVERNMENT ETHICS,49,8,10,0,0,0,5,0,0,72,1,0,2,1,1,0,0,0,5,0,77
GJ00-PRESIDIO TRUST,0,0,0,0,0,304,0,0,0,304,0,0,0,0,0,30,0,0,30,0,334
GM00-VALLES CALDERA TRUST,0,0,0,0,0,10,0,0,0,10,0,0,0,0,0,36,0,0,36,0,46
GO00-VIETNAM EDUCATION FOUNDATION,0,0,0,0,0,2,0,0,0,2,0,0,0,0,0,7,0,0,7,0,9
GQ00-ELECTION ASSISTANCE COMMISSION,0,0,0,0,0,2,0,0,0,2,0,0,0,0,2,43,0,0,45,0,47
GS01-IMMEDIATE OFFICE OF THE ADMINISTRATOR,38,0,0,0,0,0,2,2,0,42,0,2,0,5,0,0,0,0,7,0,49
GS03-PUBLIC BUILDINGS SERVICE,5086,684,12,430,0,18,23,1,0,6254,3,9,26,0,0,0,0,0,38,0,6292
GS04-OFFICE OF CIVIL RIGHTS,7,0,1,0,0,0,1,0,0,9,0,0,0,0,0,0,0,0,0,0,9
GS10-OFFICE OF SMALL BUSINESS UTILIZATION,8,0,0,1,0,0,0,0,0,9,0,0,0,2,0,0,0,0,2,0,11
GS11-OFFICE OF THE CHIEF FINANCIAL OFFICER,473,23,0,40,0,0,5,0,0,541,0,0,0,0,0,0,0,0,0,0,541
GS12-OFFICE OF GENERAL COUNSEL,18,3,102,0,0,6,4,1,0,134,0,1,0,0,0,0,0,0,1,0,135
GS13-GSA BOARD OF CONTRACT APPEALS,15,1,18,0,0,1,0,0,0,35,0,0,0,0,0,0,0,0,0,0,35
GS14-OFFICE OF THE CHIEF HUMAN CAPITAL OFFICER,217,15,1,3,0,1,3,0,0,240,1,0,4,0,0,0,0,0,5,0,245
GS15-OFFICE OF INSPECTOR GENERAL,228,32,5,25,0,3,3,0,0,296,0,0,1,0,1,0,0,0,2,0,298
GS16-OFFICE OF THE CHIEF ACQUISITION OFFICER,56,1,2,0,0,0,3,1,0,63,2,0,1,1,0,0,0,0,4,0,67
GS19-OFFICE OF CITIZEN SERVICES AND COMMUNICATIONS,102,17,0,2,0,0,2,1,0,124,0,1,1,4,0,0,0,0,6,0,130
GS20-OFFICE OF CONGRESSIONAL AND INTERGOVERNMENTAL AFFAIRS,6,0,0,0,0,0,0,1,0,7,0,0,1,6,0,0,0,0,7,0,14
GS22-OFFICES OF THE REGIONAL ADMINISTRATORS,158,7,0,2,0,19,4,10,0,200,0,1,0,9,0,1,0,0,11,0,211
GS26-OFFICE OF GOVERNMENTWIDE POLICY,127,1,1,0,0,0,4,0,0,133,0,3,3,0,0,0,0,0,6,0,139
GS28-OFFICE OF THE CHIEF INFORMATION OFFICER,194,7,0,1,0,0,4,0,0,206,0,0,0,0,0,0,1,0,1,0,207
GS30-FEDERAL ACQUISITION SERVICE,3300,138,6,78,0,8,21,0,0,3551,5,4,8,0,0,0,0,0,17,0,3568
GS31-OFFICE OF EMERGENCY RESPONSE AND RECOVERY,6,0,0,0,0,0,1,0,0,7,0,0,0,0,0,0,0,0,0,0,7
GW00-INTERNATIONAL BOUNDARY AND WATER COMMISSION:  UNITED STATES AND MEXICO,182,41,0,2,0,0,0,0,0,225,13,1,7,0,0,0,0,0,21,0,246
GX00-INTERNATIONAL BOUNDARY COMMISSION:  UNITED STATES AND CANADA,2,4,0,0,0,0,0,0,0,6,0,2,0,0,0,3,0,0,5,0,11
GY00-INTERNATIONAL JOINT COMMISSION:  UNITED STATES AND CANADA,6,4,1,0,0,2,0,0,0,13,1,0,0,1,3,0,0,0,5,0,18
HB00-COMMITTEE FOR PURCHASE FROM PEOPLE WHO ARE BLIND OR SEVERELY DISABLED,17,2,3,0,0,1,1,0,0,24,1,2,0,0,1,2,0,0,6,0,30
HD00-U.S. HOLOCAUST MEMORIAL MUSEUM,164,24,2,0,0,1,0,0,0,191,0,0,0,0,0,2,0,0,2,0,193
HE10-OFFICE OF THE SECRETARY OF HEALTH AND HUMAN SERVICES,2352,618,455,69,0,53,92,31,0,3670,12,119,47,48,8,9560,6,0,9800,1,13471
HE11-PROGRAM SUPPORT CENTER,918,127,5,8,0,6,9,0,0,1073,9,13,16,0,0,15,1,0,54,0,1127
HE12-ADMINISTRATION ON AGING,74,18,0,0,0,0,3,0,0,95,0,0,0,2,0,3,0,0,5,0,100
HE31-OFFICE OF THE ASSISTANT SECRETARY FOR HEALTH,0,0,0,0,0,0,0,0,0,0,0,0,0,0,0,5,0,0,5,0,5
HE32-SUBSTANCE ABUSE AND MENTAL HEALTH SERVICES ADMINISTRATION,374,63,0,2,0,1,14,1,0,455,0,2,7,1,0,61,0,0,71,0,526
HE33-AGENCY FOR HEALTHCARE RESEARCH AND QUALITY,190,37,0,0,0,3,5,0,0,235,1,2,1,0,0,61,0,0,65,0,300
HE34-HEALTH RESOURCES AND SERVICES ADMINISTRATION,957,170,0,59,0,6,26,0,0,1218,2,0,27,0,0,227,0,0,256,0,1474
HE35-AGENCY FOR TOXIC SUBSTANCES AND DISEASE REGISTRY,161,23,3,2,0,1,0,0,0,190,0,0,0,0,0,1,0,0,1,0,191
HE36-FOOD AND DRUG ADMINISTRATION,7145,1576,55,38,0,52,49,1,0,8916,114,48,282,1,2,2733,0,0,3180,0,12096
HE37-INDIAN HEALTH SERVICE,8412,1038,2979,0,0,79,19,0,0,12527,154,703,4,0,0,13,0,0,874,2,13403
HE38-NATIONAL INSTITUTES OF HEALTH,9969,2513,47,124,0,203,58,0,0,12914,110,15,178,0,2,5407,0,0,5712,0,18626
HE39-CENTERS FOR DISEASE CONTROL AND PREVENTION,6031,1118,46,73,0,108,30,1,0,7407,52,11,64,0,0,1092,0,0,1219,0,8626
HE70-CENTERS FOR MEDICARE & MEDICAID SERVICES,3539,566,17,99,0,21,57,4,0,4303,3,1,17,5,0,89,0,0,115,0,4418
HE90-ADMINISTRATION FOR CHILDREN AND FAMILIES,965,271,5,8,0,5,10,9,0,1273,1,4,4,6,1,2,0,1,19,0,1292
HP00-ADVISORY COUNCIL ON HISTORIC PRESERVATION,0,0,0,0,0,35,1,0,0,36,0,0,0,0,9,9,0,0,18,0,54
HSAA-DHS HEADQUARTERS,890,511,69,71,0,17,76,28,0,1662,4,16,24,66,6,16,10,0,142,0,1804
HSAB-BUREAU OF CITIZENSHIP AND IMMIGRATION SERVICES,6240,1934,202,1400,0,124,44,5,0,9949,190,5,188,3,0,112,0,0,498,0,10447
HSAC-U.S. COAST GUARD,5601,1442,88,33,0,195,13,0,1,7373,264,12,85,0,0,53,0,0,414,0,7787
HSAD-U.S. SECRET SERVICE,5078,232,3,1,0,22,46,0,0,5382,13,8,1169,0,0,6,1,0,1197,0,6579
HSAE-OFFICE OF THE INSPECTOR GENERAL,425,48,8,59,0,7,12,0,0,559,1,0,31,0,1,42,0,0,75,0,634
HSBB-BUREAU OF IMMIGRATION AND CUSTOMS ENFORCEMENT,12957,1285,787,2161,0,271,51,2,0,17514,28,9,356,4,1,11,1,0,410,0,17924
HSBC-TRANSPORTATION SECURITY ADMINISTRATION,0,0,0,1,0,60705,0,0,0,60706,0,0,0,0,4,325,0,0,329,0,61035
HSBD-BUREAU OF CUSTOMS AND BORDER PROTECTION,35179,4029,293,11437,0,400,95,4,0,51437,418,26,165,4,1,44,2,0,660,0,52097
HSBE-FEDERAL LAW ENFORCEMENT TRAINING CENTER,845,113,0,14,0,15,8,0,0,995,75,41,24,0,0,28,0,0,168,0,1163
HSCB-FEDERAL EMERGENCY MANAGEMENT AGENCY,2002,1064,205,24,0,28,44,13,0,3380,90,64,6,14,4,12693,5,0,12876,0,16256
HSDA-DOMESTIC NUCLEAR DETECTION OFFICE,365,157,1,1,0,4,12,4,0,544,1,1,7,4,1,2,2,0,18,0,562
HSFA-OFFICE OF THE UNDER SECRETARY FOR SCIENCE AND TECHNOLOGY,230,70,1,0,0,7,10,1,0,319,1,1,1,3,1,11,2,0,20,0,339
HT00-HARRY S. TRUMAN SCHOLARSHIP FOUNDATION,3,0,0,0,0,0,0,1,0,4,0,0,0,0,0,0,0,0,0,0,4
HU01-OFFICE OF THE SENIOR COORDINATOR FOR NEW ENGLAND,200,16,18,0,0,1,0,0,0,235,0,2,1,1,0,0,0,0,4,0,239
HU02-OFFICE OF THE SENIOR COORDINATOR FOR NEW YORK/NEW JERSEY,359,27,23,1,0,3,0,1,0,414,0,1,1,1,0,0,0,0,3,0,417
HU03-OFFICE OF THE SENIOR COORDINATOR FOR MID-ATLANTIC,535,62,24,3,0,1,0,0,0,625,0,1,1,2,0,0,0,0,4,0,629
HU04-OFFICE OF THE SENIOR COORDINATOR FOR SOUTHEAST/CARIBBEAN,845,107,35,6,0,9,2,0,0,1004,1,2,10,2,0,0,0,0,15,0,1019
HU05-OFFICE OF THE SENIOR COORDINATOR FOR MIDWEST,603,41,35,3,0,0,1,1,0,684,0,1,6,0,0,0,0,0,7,0,691
HU06-OFFICE OF THE SENIOR COORDINATOR FOR SOUTHWEST,512,52,27,0,0,4,1,1,0,597,0,1,2,1,0,0,0,0,4,0,601
HU07-OFFICE OF THE SENIOR COORDINATOR FOR GREAT PLAINS,177,13,14,1,0,2,0,0,0,207,0,1,2,1,0,0,0,0,4,0,211
HU08-OFFICE OF THE SENIOR COORDINATOR FOR ROCKY MOUNTAINS,280,43,15,3,0,4,0,1,0,346,0,1,0,0,0,0,0,0,1,0,347
HU09-OFFICE OF THE SENIOR COORDINATOR FOR PACIFIC/HAWAII,506,81,24,2,0,1,0,1,0,615,4,1,1,0,0,1,0,0,7,0,622
HU10-OFFICE OF THE SENIOR COORDINATOR FOR NORTHWEST/ALASKA,179,23,10,4,0,1,0,0,0,217,0,0,2,1,0,0,0,0,3,0,220
HUAA-OFFICE OF THE SECRETARY OF HOUSING AND URBAN DEVELOPMENT,15,1,2,0,0,1,2,4,0,25,0,3,3,5,2,1,0,0,14,0,39
HUBB-ASSISTANT SECRETARY FOR ADMINISTRATION,467,25,80,61,0,3,5,1,0,642,1,3,45,4,1,2,0,0,56,0,698
HUCC-OFFICE OF GENERAL COUNSEL,176,8,143,1,0,3,12,2,0,345,0,11,2,2,1,0,0,0,16,0,361
HUDD-ASSISTANT SECRETARY FOR COMMUNITY PLANNING AND DEVELOPMENT,173,20,3,0,0,3,8,1,0,208,0,0,2,7,1,0,0,0,10,0,218
HUEE-ASSISTANT SECRETARY FOR FAIR HOUSING AND EQUAL OPPORTUNITY,98,9,1,0,0,1,4,0,0,113,0,0,1,0,1,0,0,0,2,0,115
HUFF-OFFICE OF THE CHIEF FINANCIAL OFFICER,124,22,4,4,0,1,6,0,0,161,0,1,1,0,1,0,0,0,3,0,164
HUFH-OFFICE OF FEDERAL HOUSING ENTERPRISE OVERSIGHT,204,34,12,0,0,5,0,0,0,255,0,2,3,0,1,0,0,0,6,0,261
HUGG-OFFICE OF INSPECTOR GENERAL,559,25,4,43,0,3,9,0,0,643,0,0,2,0,1,0,0,0,3,0,646
HUII-OFFICE OF DEPARTMENTAL OPERATIONS AND COORDINATION,81,0,1,1,0,1,2,0,0,86,0,0,3,0,0,0,0,0,3,0,89
HUJJ-ASSISTANT SECRETARY FOR CONGRESSIONAL AND INTERGOVERNMENTAL RELATIONS,8,1,0,0,0,0,0,1,0,10,0,0,2,10,1,1,0,0,14,0,24
HUKA-CENTER FOR FAITH-BASED AND COMMUNITY INITIATIVES,4,2,0,0,0,1,0,1,0,8,0,0,3,1,0,0,0,0,4,0,12
HUKK-OFFICE OF FIELD POLICY AND MANAGEMENT,15,0,0,0,0,0,1,1,0,17,0,0,0,2,0,0,0,0,2,0,19
HULL-OFFICE OF HEALTHY HOMES AND LEAD HAZARD CONTROL,40,7,0,1,0,0,1,0,0,49,0,0,33,0,0,0,0,0,33,0,82
HUMM-ASSISTANT SECRETARY FOR HOUSING--FEDERAL HOUSING COMMISSIONER,685,102,13,13,0,11,11,0,0,835,1,0,33,4,1,5,0,0,44,0,879
HUNN-OFFICE OF THE CHIEF PROCUREMENT OFFICER,105,9,0,2,0,1,2,0,0,119,0,0,2,0,0,0,0,0,2,0,121
HUPP-ASSISTANT SECRETARY FOR PUBLIC AND INDIAN HOUSING,510,65,4,1,0,5,10,0,0,595,0,1,3,2,0,0,1,0,7,0,602
HUQQ-OFFICE OF THE CHIEF INFORMATION OFFICER,239,1,2,2,0,2,3,0,0,249,0,0,4,0,0,0,0,0,4,0,253
HURR-ASSISTANT SECRETARY FOR POLICY DEVELOPMENT AND RESEARCH,84,10,1,0,0,1,2,1,0,99,1,0,3,1,0,0,0,0,5,0,104
HUTT-GOVERNMENT NATIONAL MORTGAGE ASSOCIATION (GINNIE MAE),46,7,0,2,0,0,4,0,0,59,0,0,0,1,1,1,0,0,3,0,62
HUUU-OFFICE OF DEPARTMENTAL EQUAL EMPLOYMENT OPPORTUNITY,19,2,0,0,0,1,1,0,0,23,0,0,0,0,0,0,0,0,0,0,23
HUWW-ASSISTANT SECRETARY FOR PUBLIC AFFAIRS,6,1,0,0,0,0,1,1,0,9,0,0,1,3,0,0,0,0,4,0,13
HW00-U.S. INTERAGENCY COUNCIL ON HOMELESSNESS,0,0,0,0,0,1,0,0,0,1,0,5,1,0,0,8,0,0,14,0,15
IB00-BROADCASTING BOARD OF GOVERNORS,1161,219,14,84,0,174,12,2,0,1666,5,1,18,1,0,73,0,0,98,0,1764
IF00-INTER-AMERICAN FOUNDATION,26,8,2,0,0,0,0,0,0,36,5,0,0,0,0,0,0,0,5,0,41
IN01-OFFICE OF THE SECRETARY OF THE INTERIOR,2098,307,134,52,0,103,59,22,0,2775,22,16,38,24,6,9,2,0,117,0,2892
IN05-BUREAU OF LAND MANAGEMENT,8108,1217,26,220,0,35,23,1,0,9630,436,1047,283,1,1,15,0,0,1783,0,11413
IN06-INDIAN AFFAIRS,4415,85,665,7,0,74,19,0,0,5265,19,203,1,0,0,3648,0,0,3871,0,9136
IN07-BUREAU OF RECLAMATION,4338,659,12,179,0,16,16,0,0,5220,80,9,114,2,4,1,0,0,210,0,5430
IN08-GEOLOGICAL SURVEY,6589,574,10,242,0,5,22,0,0,7442,743,236,445,0,1,8,0,0,1433,0,8875
IN10-NATIONAL PARK SERVICE,12931,2016,83,231,0,175,27,1,0,15464,6088,310,1839,2,1,260,0,0,8500,0,23964
IN15-U.S. FISH AND WILDLIFE SERVICE,7161,704,23,105,0,73,20,0,0,8086,801,108,331,1,1,14,0,0,1256,0,9342
IN21-OFFICE OF THE SOLICITOR,79,16,249,0,0,0,15,2,0,361,1,48,1,2,1,0,0,0,53,0,414
"IN22-OFFICE OF SURFACE MINING, RECLAMATION AND ENFORCEMENT",436,49,1,16,0,2,6,0,0,510,0,2,9,1,1,0,0,0,13,0,523
IN23-MINERAL MANAGEMENT SERVICE,1400,142,10,40,0,4,13,2,0,1611,3,1,26,1,0,0,1,0,32,0,1643
IN24-OFFICE OF THE INSPECTOR GENERAL,206,28,6,6,0,2,10,0,0,258,0,0,0,0,1,0,0,0,1,0,259
KS00-CORPORATION FOR NATIONAL AND COMMUNITY SERVICE,38,0,0,0,0,477,0,0,0,515,0,0,0,0,3,48,0,0,51,0,566
LF00-FEDERAL ELECTION COMMISSION,1,1,0,0,0,340,0,0,0,342,0,0,0,0,0,25,0,0,25,0,367
LP00-GOVERNMENT PRINTING OFFICE,1899,412,4,14,0,22,0,0,0,2351,7,0,9,0,1,15,0,0,32,0,2383
LT00-U.S. TAX COURT,80,25,3,0,0,5,0,0,0,113,0,57,2,18,0,20,0,0,97,0,210
MA00-MARINE MAMMAL COMMISSION,7,3,1,0,0,1,0,0,0,12,0,0,0,0,1,8,0,0,9,0,21
MC00-FEDERAL MARITIME COMMISSION,71,14,21,0,0,1,5,0,0,112,0,0,2,2,3,0,0,0,7,0,119
MI00-MILLENNIUM CHALLENGE CORPORATION,82,135,0,0,0,23,0,0,0,240,22,0,2,0,2,36,0,0,62,0,302
NF00-NATIONAL SCIENCE FOUNDATION,662,71,4,18,0,332,77,0,0,1164,6,1,38,0,17,175,9,0,246,0,1410
NK00-NATIONAL COUNCIL ON DISABILITY,5,0,3,0,0,0,0,0,0,8,0,0,0,0,10,6,0,0,16,0,24
NL00-NATIONAL LABOR RELATIONS BOARD,844,41,650,15,0,5,56,4,0,1615,2,12,8,1,3,1,1,0,28,0,1643
NM00-NATIONAL MEDIATION BOARD,27,7,8,0,0,0,1,0,0,43,0,0,0,2,3,0,0,0,5,0,48
"NN10-HEADQUARTERS, NASA",1140,136,30,2,0,4,131,5,0,1448,7,1,0,8,4,43,3,0,66,2,1516
NN21-AMES RESEARCH CENTER,1036,25,9,33,0,2,27,0,0,1132,150,0,0,0,0,3,0,0,153,0,1285
NN22-JOHN GLENN RESEARCH CENTER AT LEWIS FIELD,1459,52,6,16,0,0,29,0,0,1562,67,0,0,0,0,0,0,0,67,0,1629
NN23-LANGLEY RESEARCH CENTER,1660,21,9,40,0,0,36,0,0,1766,134,1,2,0,0,1,0,0,138,0,1904
NN24-DRYDEN FLIGHT RESEARCH CENTER,403,55,1,11,0,1,10,0,0,481,87,0,0,0,0,0,0,0,87,0,568
NN51-GODDARD SPACE FLIGHT CENTER,2720,176,20,37,0,1,55,0,0,3009,98,2,36,0,0,3,0,0,139,1,3149
NN62-GEORGE C. MARSHALL SPACE FLIGHT CENTER,2180,90,8,116,0,5,52,0,0,2451,195,1,0,0,0,6,1,0,203,0,2654
NN64-JOHN C. STENNIS SPACE CENTER,216,29,3,7,0,0,7,0,0,262,8,0,0,0,0,0,0,0,8,0,270
NN72-LYNDON B. JOHNSON SPACE CENTER,2480,415,24,114,0,10,65,0,0,3108,289,0,0,0,0,8,0,0,297,0,3405
NN76-JOHN F. KENNEDY SPACE CENTER,1658,140,12,27,0,1,33,0,0,1871,307,0,3,0,0,1,0,0,311,0,2182
NP00-NATIONAL CAPITAL PLANNING COMMISSION,27,9,1,0,0,0,2,0,0,39,3,0,0,0,2,4,0,0,9,0,48
NQ00-NATIONAL ARCHIVES AND RECORDS ADMINISTRATION,2111,370,9,52,0,5,19,0,0,2566,32,2,529,0,1,9,0,0,573,0,3139
NS00-NATIONAL SECURITY COUNCIL,0,0,24,0,0,0,0,0,0,24,0,35,0,0,0,0,0,0,35,0,59
NU00-NUCLEAR REGULATORY COMMISSION,0,0,1,0,0,3655,151,1,0,3808,0,0,0,0,4,268,0,0,272,0,4080
NV11-IMMEDIATE OFFICE OF THE CHIEF OF NAVAL OPERATIONS,2415,141,435,70,0,411,28,0,0,3500,59,719,107,0,0,227,0,0,1112,0,4612
"NV12-ASSISTANT FOR ADMINISTRATION, UNDER SECRETARY OF THE NAVY",2098,1,1927,206,0,282,58,12,0,4584,37,47,18,10,5,21,2,0,140,1,4725
NV14-OFFICE OF NAVAL RESEARCH,2273,257,51,44,0,5,42,0,0,2672,7,15,91,0,0,27,0,0,140,0,2812
NV15-NAVAL INTELLIGENCE COMMAND,0,0,0,0,0,1555,0,0,0,1555,0,0,0,0,0,19,0,0,19,0,1574
NV18-NAVAL MEDICAL COMMAND,8283,2334,38,97,0,400,2,0,0,11154,108,180,119,0,0,3,0,0,410,0,11564
NV19-NAVAL AIR SYSTEMS COMMAND,19515,1961,97,930,0,88,40,0,0,22631,35,16,114,0,0,2,1,0,168,0,22799
NV22-BUREAU OF NAVAL PERSONNEL,1232,98,1,2,0,159,2,0,0,1494,66,0,2,0,0,2,0,0,70,0,1564
NV23-NAVAL SUPPLY SYSTEMS COMMAND,6160,447,53,334,0,140,7,0,0,7141,46,48,25,0,0,1,0,0,120,0,7261
NV24-NAVAL SEA SYSTEMS COMMAND,19925,1888,64,513,0,235,57,0,1,22683,46,7,92,0,0,3,0,0,148,0,22831
NV25-NAVAL FACILITIES ENGINEERING COMMAND,11622,1328,85,445,0,148,9,0,2,13639,115,38,95,0,0,3,0,0,251,0,13890
NV27-U.S. MARINE CORPS,12757,2016,63,222,0,763,20,0,0,15841,937,265,124,0,0,4,0,0,1330,0,17171
NV30-STRATEGIC SYSTEMS PROGRAMS OFFICE,739,30,10,30,0,19,8,0,0,836,7,0,12,0,0,0,0,0,19,0,855
NV33-MILITARY SEALIFT COMMAND,833,90,5250,25,0,30,4,0,0,6232,5,6,17,0,0,0,0,0,28,0,6260
NV39-SPACE AND NAVAL WARFARE SYSTEMS COMMAND,6825,22,38,445,0,84,17,0,0,7431,25,10,63,0,0,3,0,0,101,0,7532
NV41-NAVY SYSTEMS MANAGEMENT ACTIVITY,411,0,0,44,0,98,1,0,0,554,0,0,2,0,0,1,0,0,3,0,557
"NV52-COMMANDER, NAVY INSTALLATIONS",11055,1344,48,211,0,447,5,0,0,13110,275,515,23,0,0,4,0,0,817,0,13927
"NV60-U.S. ATLANTIC FLEET, COMMANDER IN CHIEF",14932,1751,47,745,0,924,12,0,0,18411,39,37,76,0,0,12,0,0,164,0,18575
"NV70-U.S. PACIFIC FLEET, COMMANDER IN CHIEF",12782,1500,18,1527,0,218,7,0,0,16052,182,19,40,0,0,1,0,0,242,0,16294
NV72-NAVAL RESERVE FORCE,318,10,2,0,0,63,0,0,0,393,2,0,0,0,0,0,0,0,2,0,395
NV74-NAVAL SPECIAL WARFARE COMMAND,726,6,1,14,0,123,0,0,0,870,54,0,0,0,0,0,0,0,54,0,924
NV76-NAVAL EDUCATION AND TRAINING COMMAND,2237,70,15,1113,0,232,0,0,0,3667,198,2,28,0,0,0,0,0,228,0,3895
OM00-OFFICE OF PERSONNEL MANAGEMENT,3511,515,1273,358,0,10,46,6,0,5719,45,0,39,14,2,34,1,1,136,0,5855
OS00-OCCUPATIONAL SAFETY AND HEALTH REVIEW COMMISSION,28,5,13,0,0,1,2,1,0,50,0,0,1,2,1,1,0,0,5,0,55
PU00-PEACE CORPS,0,0,0,0,0,11,0,0,0,11,0,0,0,0,0,815,0,0,815,0,826
QQ00-OFFICE OF NATIONAL DRUG CONTROL POLICY,42,10,10,0,0,1,12,2,0,77,1,0,1,15,2,1,0,0,20,0,97
RE00-OFFICE OF NAVAJO AND HOPI INDIAN RELOCATION,42,0,1,0,0,0,2,0,0,45,0,0,0,0,0,0,0,0,0,0,45
RF00-FEDERAL RETIREMENT THRIFT INVESTMENT BOARD,55,4,2,0,0,1,8,0,0,70,0,0,0,0,0,5,0,0,5,0,75
RH00-ARMED FORCES RETIREMENT HOME,171,95,0,0,0,8,0,0,0,274,2,0,0,0,0,4,0,0,6,0,280
RR00-RAILROAD RETIREMENT BOARD,887,63,0,0,0,2,9,0,0,961,0,0,0,0,3,1,0,0,4,0,965
RS00-FEDERAL MINE SAFETY AND HEALTH REVIEW COMMISSION,24,0,8,0,0,1,1,0,0,34,0,6,0,2,2,0,0,0,10,0,44
SB00-SMALL BUSINESS ADMINISTRATION,2016,423,174,5,0,8,41,10,0,2677,1429,619,19,37,2,45,1,0,2152,0,4829
SE00-SECURITIES AND EXCHANGE COMMISSION,1745,292,1461,0,0,3,0,0,0,3501,10,56,44,13,5,2,0,0,130,0,3631
SK00-CONSUMER PRODUCT SAFETY COMMISSION,326,51,22,0,0,0,13,1,0,413,0,1,10,4,2,5,0,0,22,0,435
SM01-NATIONAL GALLERY OF ART,637,130,8,0,0,27,0,0,0,802,11,0,5,0,0,0,0,0,16,0,818
SM02-WOODROW WILSON INTERNATIONAL CENTER FOR SCHOLARS,27,10,0,0,0,0,0,0,0,37,0,7,0,0,0,1,0,0,8,0,45
SM03-SMITHSONIAN INSTITUTION (EXCEPT UNITS ADMINISTERED UNDER SEPARATE BOARDS OF TRUSTEES),3070,756,32,0,0,41,0,0,0,3899,81,4,56,0,0,1,0,0,142,0,4041
SM04-JOHN F. KENNEDY CENTER FOR THE PERFORMING ARTS,39,8,0,0,0,0,0,0,0,47,0,0,0,0,0,0,0,0,0,0,47
SS00-SELECTIVE SERVICE SYSTEM,108,8,1,0,0,1,1,0,0,119,0,55,3,2,1,1,0,0,62,0,181
ST00-DEPARTMENT OF STATE,5664,1598,223,697,0,235,121,36,12,8586,1300,370,520,121,28,450,7,0,2796,4,11386
SZ00-SOCIAL SECURITY ADMINISTRATION,51739,3734,1403,4977,0,866,142,6,0,62867,151,280,666,2,2,20,2,0,1123,0,63990
TB00-NATIONAL TRANSPORTATION SAFETY BOARD,327,31,9,0,0,0,17,1,0,385,7,0,1,4,5,0,0,0,17,0,402
TC00-U.S. INTERNATIONAL TRADE COMMISSION,215,39,67,3,0,0,9,0,0,333,4,6,8,18,6,0,1,0,43,0,376
TD01-OFFICE OF THE SECRETARY OF TRANSPORTATION,431,54,41,7,0,25,30,13,0,601,0,3,13,27,6,3,0,0,52,0,653
TD03-FEDERAL AVIATION ADMINISTRATION,0,0,0,1,0,45171,0,0,0,45172,0,0,0,3,0,1210,0,0,1213,0,46385
TD04-FEDERAL HIGHWAY ADMINISTRATION,2306,279,58,114,0,9,43,4,0,2813,4,1,46,1,1,1,0,0,54,0,2867
TD05-FEDERAL RAILROAD ADMINISTRATION,639,125,29,0,0,1,13,1,0,808,0,0,11,2,1,0,0,0,14,0,822
TD06-SAINT LAWRENCE SEAWAY DEVELOPMENT CORPORATION,114,18,1,0,0,0,2,0,0,135,3,0,0,0,1,0,0,0,4,0,139
TD09-FEDERAL TRANSIT ADMINISTRATION,359,85,37,9,0,0,13,3,0,506,2,2,2,1,1,0,0,0,8,0,514
TD10-NATIONAL HIGHWAY TRAFFIC SAFETY ADMINISTRATION,468,77,21,6,0,1,23,3,0,599,1,2,5,2,0,0,0,0,10,0,609
TD11-RESEARCH AND INNOVATIVE TECHNONOGY ADMINSTRATION,526,67,12,41,0,3,10,2,0,661,13,3,4,0,1,0,0,0,21,0,682
TD12-OFFICE OF INSPECTOR GENERAL,337,26,11,26,0,1,12,0,0,413,0,0,1,0,1,3,0,0,5,0,418
TD13-MARITIME ADMINISTRATION,528,62,71,4,1,1,15,1,0,683,0,58,1,1,1,1,0,0,62,0,745
TD15-SURFACE TRANSPORTATION BOARD,73,12,28,2,0,11,6,0,0,132,1,3,0,0,3,1,0,0,8,0,140
TD16-PIPELINE AND HAZARDOUS MATERIALS SAFETY ADMINISTRATION,274,41,19,7,0,1,7,2,0,351,0,8,2,1,1,0,0,0,12,0,363
TD17-FEDERAL MOTOR CARRIER SAFETY ADMINISTRATION,887,98,26,15,0,6,14,2,0,1048,0,0,0,2,1,0,0,0,3,0,1051
TN00-OFFICE OF THE U.S. TRADE REPRESENTATIVE,112,32,33,0,0,3,19,4,0,203,0,3,0,7,3,9,0,0,22,0,225
TR35-OFFICE OF THRIFT SUPERVISION,312,124,509,102,0,0,0,0,0,1047,11,5,2,0,1,1,0,0,20,0,1067
TR40-ALCOHOL AND TOBACCO TAX AND TRADE BUREAU,459,29,18,4,0,0,7,0,0,517,3,1,2,0,0,0,0,0,6,0,523
TR91-DEPARTMENTAL OFFICES,861,215,114,32,0,4,73,23,0,1322,9,69,9,40,21,4,2,0,154,0,1476
TR93-INTERNAL REVENUE SERVICE,74629,11056,1825,1066,0,172,260,0,4,89012,1048,26,195,0,2,28,0,0,1299,0,90311
TR95-OFFICE OF INSPECTOR GENERAL,78,16,2,4,0,0,7,0,0,107,0,0,1,0,1,0,0,0,2,0,109
TRAA-FINANCIAL MANAGEMENT SERVICE,1631,169,14,31,0,15,19,0,0,1879,23,0,41,0,0,9,1,0,74,0,1953
TRAB-BUREAU OF THE PUBLIC DEBT,1626,178,22,108,0,24,13,0,0,1971,11,0,28,0,0,0,0,0,39,0,2010
TRAD-U.S. MINT,1690,62,12,5,0,9,7,0,0,1785,50,0,4,5,1,0,1,0,61,0,1846
TRAF-FINANCIAL CRIMES ENFORCEMENT NETWORK,215,65,10,0,0,1,7,0,0,298,0,1,9,0,0,0,0,0,10,0,308
TRAI-BUREAU OF ENGRAVING AND PRINTING,1883,63,19,8,0,12,9,0,0,1994,3,0,32,0,0,1,0,0,36,0,2030
TRAJ-OFFICE OF THE COMPTROLLER OF THE CURRENCY,710,120,123,2063,0,13,0,0,0,3029,17,11,46,0,1,2,0,0,77,0,3106
TRTG-OFFICE OF THE INSPECTOR GENERAL FOR TAX ADMINISTRATION,739,30,13,8,0,0,11,0,0,801,0,0,0,0,1,0,0,0,1,0,802
TS00-OFFICE OF SCIENCE AND TECHNOLOGY POLICY,10,1,2,0,0,0,1,3,0,17,0,4,0,6,3,2,0,0,15,0,32
UJ00-JAPAN-UNITED STATES FRIENDSHIP COMMISSION,3,0,0,0,0,0,1,0,0,4,0,0,0,0,0,8,0,0,8,0,12
UT00-UTAH RECLAMATION MITIGATION AND CONSERVATION COMMISSION,0,0,1,0,0,10,0,0,0,11,0,0,0,0,2,3,0,0,5,0,16
VA**-UNSPECIFIED,44,3,0,1,0,2,1,0,0,51,0,0,0,0,0,0,0,0,0,0,51
VAAA-OFFICE OF THE SECRETARY,31,7,13,0,0,3,1,2,0,57,0,0,0,2,2,3,0,0,7,3,67
VAAD-BOARD OF VETERANS APPEALS,87,29,346,0,12,9,2,0,0,485,2,12,8,0,1,3,0,0,26,0,511
VAAE-GENERAL COUNSEL,220,33,366,3,0,56,10,0,0,688,1,14,5,0,0,2,0,0,22,7,717
VAAF-INSPECTOR GENERAL,414,30,0,9,0,9,0,0,0,462,1,0,3,0,0,0,0,0,4,13,479
VABA-IMMEDIATE OFFICE OF THE ASSISTANT SECRETARY FOR HUMAN RESOURCES AND ADMINISTRATION,5,1,0,0,0,0,1,0,0,7,0,0,0,0,1,0,0,0,1,0,8
VABC-ASSISTANT SECRETARY FOR HUMAN RESOURCES MANAGEMENT,125,16,4,5,0,6,3,0,0,159,10,1,4,0,0,6,0,0,21,0,180
VABD-DEPUTY ASSISTANT SECRETARY FOR EQUAL OPPORTUNITY,11,1,1,0,0,0,1,0,0,14,1,0,0,0,0,2,0,0,3,0,17
VABE-DEPUTY ASSISTANT SECRETARY FOR ADMINISTRATION,76,11,3,0,0,7,1,0,0,98,3,0,3,0,0,0,0,0,6,0,104
VABF-DEPUTY ASSISTANT SECRETARY FOR OFFICE OF RESOLUTION MANAGEMENT,183,9,3,1,0,2,2,0,0,200,2,1,7,0,0,0,0,0,10,0,210
VADA-IMMEDIATE OFFICE OF THE ASSISTANT SECRETARY FOR MANAGEMENT,6,0,0,0,0,0,1,0,0,7,0,0,0,0,1,0,1,0,2,0,9
VADC-DEPUTY ASSISTANT SECRETARY FOR BUDGET,21,1,0,0,0,1,0,0,0,23,0,0,0,0,0,0,0,0,0,1,24
VADD-DEPUTY ASSISTANT SECRETARY FOR FINANCE,374,90,1,21,0,7,6,0,0,499,8,0,2,0,0,1,0,0,11,1,511
VADG-DEPUTY ASSISTANT SECRETARY FOR ACQUISITION AND MATERIEL MANAGEMENT,48,3,0,1,0,8,0,0,0,60,0,0,0,0,0,0,0,0,0,0,60
VAEA-IMMEDIATE OFFICE OF THE ASSISTANT SECRETARY FOR INFORMATION AND TECHNOLOGY,0,0,0,0,0,0,0,0,0,0,0,0,0,0,1,0,0,0,1,0,1
VAEB-DEPUTY ASSISTANT SECRETARY FOR INFORMATION AND TECHNOLOGY,5473,928,12,98,0,251,9,0,0,6771,22,2,29,0,0,36,0,0,89,5,6865
VAHA-IMMEDIATE OFFICE OF THE ASSISTANT SECRETARY FOR POLICY AND PLANNING,4,1,0,0,0,0,1,0,0,6,0,0,3,0,1,0,1,0,5,0,11
VAHB-DEPUTY ASSISTANT SECRETARY FOR PROGRAM AND DATA ANALYSIS,9,4,0,1,0,2,0,0,0,16,1,0,0,0,0,0,0,0,1,0,17
VAHC-DEPUTY ASSISTANT SECRETARY FOR PLANNING AND EVALUATION,20,8,0,0,0,0,1,0,0,29,0,0,0,0,0,0,0,0,0,0,29
VAHD-NATIONAL CENTER FOR VETERAN ANALYSIS AND STATISTICS,4,1,0,0,0,0,1,0,0,6,0,0,0,0,0,0,0,0,0,0,6
VAJA-OFFICE OF THE ASSISTANT SECRETARY FOR PUBLIC AND INTERGOVERNMENTAL AFFAIRS,6,0,0,0,0,0,0,0,0,6,0,0,1,0,1,0,0,0,2,0,8
VAJB-DEPUTY ASSISTANCE SECRETARY FOR INTERGOVERNMENTAL AFFAIRS,8,0,0,0,0,1,0,0,0,9,0,0,0,1,0,0,0,0,1,0,10
VAJC-DEPUTY ASSISTANT SECRETARY FOR PUBLIC AFFAIRS,31,6,0,1,0,2,0,0,0,40,0,0,0,0,0,1,0,0,1,2,43
VAKA-IMMEDIATE OFFICE OF THE ASSISTANT SECRETARY FOR CONGRESSIONAL AND LEGISLATIVE AFFAIRS,1,0,0,0,0,0,0,0,0,1,0,0,0,0,0,0,0,0,0,0,1
VAKB-DEPUTY ASSISTANT SECRETARY FOR CONGRESSIONAL AFFAIRS,24,2,0,2,0,1,1,2,0,32,0,0,1,0,0,0,0,0,1,0,33
VALA-VETERANS BENEFITS ADMINISTRATION,10036,2824,35,1934,0,881,44,0,0,15754,223,0,22,1,0,3,0,0,249,10,16013
VAPA-NATIONAL CEMETERY ADMINISTRATION,1080,272,1,4,0,83,2,1,0,1443,71,8,3,0,1,22,0,0,105,1,1549
VATA-VETERANS HEALTH ADMINISTRATION,89859,26266,855,449,0,107820,147,1,0,225397,2046,425,2824,1,2,20665,0,0,25963,32,251392
YE00-COMMISSION ON THE PREVENTION OF WEAPONS OF MASS DESTRUCTION PROLIFERATION AND TERRORISM,0,0,0,0,0,0,0,0,0,0,0,0,0,0,0,9,0,0,9,0,9
ZL00-MEDICARE PAYMENT ADVISORY COMMISSION,0,0,0,0,0,27,0,0,0,27,0,0,0,0,0,21,0,0,21,0,48
ZP00-U.S. COMMISSION ON INTERNATIONAL RELIGIOUS FREEDOM,0,0,0,0,0,2,0,0,0,2,0,0,0,0,1,20,0,0,21,0,23
ZS00-UNITED STATES-CHINA ECONOMIC AND SECURITY REVIEW COMMISSION,0,0,0,0,0,0,0,0,0,0,0,0,0,0,0,28,0,0,28,0,28
ZU00-DWIGHT D. EISENHOWER MEMORIAL COMMISSION,0,0,0,0,0,0,0,0,0,0,0,0,0,0,0,3,0,0,3,0,3
