Agency,10-Competitive Service - Career,15-Competitive Service - Career-Conditional,30-Excepted Service - Schedule A,32-Excepted Service - Schedule B,35-Excepted Service - Schedule D,36-Excepted Service - Executive,38-Excepted Service - Other,50-Senior Executive Service - Career,55-Senior Executive Service - Non-Career,**-Unspecified,Total Permanent,20-Competitive Service,40-Excepted Service - Schedule A,42-Excepted Service - Schedule B,44-Excepted Service - Schedule C,45-Excepted Service - Schedule D,46-Excepted Service - Executive,48-Excepted Service - Other,60-Senior Executive Service - Limited Term,65-Senior Executive Service - Limited Emergency,Total Non-permanent,Unspecified,Total Appointments
AA00-ADMINISTRATIVE CONFERENCE OF THE UNITED STATES,2,3,5,0,0,0,0,2,0,0,12,0,2,0,0,0,1,0,0,0,3,0,15
AB**-UNSPECIFIED,3,0,0,0,0,0,0,0,0,0,3,1,0,0,0,0,0,0,0,0,1,0,4
AB00-AMERICAN BATTLE MONUMENTS COMMISSION,22,2,0,0,0,0,0,0,0,0,24,1,0,0,0,0,0,0,0,0,1,1,26
AF02-AIR FORCE INSPECTION AGENCY (FO),19,5,0,0,0,0,0,0,0,0,24,0,0,0,0,0,0,0,0,0,0,0,24
AF03-AIR FORCE OPERATIONAL TEST AND EVALUATION CENTER,132,75,1,0,0,0,4,1,0,0,213,3,0,0,0,0,0,3,0,0,6,0,219
AF04-AIR FORCE COMMUNICATIONS AGENCY (HISTORICAL),1,0,0,0,0,0,0,0,0,0,1,0,0,0,0,0,0,0,0,0,0,0,1
AF05-AIR FORCE INTELLIGENCE ANALYSIS AGENCY,0,0,0,0,0,0,71,0,0,0,71,0,0,0,0,0,0,0,0,0,0,0,71
AF06-AIR FORCE AUDIT AGENCY,600,31,0,7,1,0,0,3,0,0,642,0,2,0,0,0,0,0,0,0,2,0,644
AF07-AIR FORCE OFFICE OF SPECIAL INVESTIGATIONS,127,92,388,0,0,0,121,2,0,0,730,3,4,0,0,0,0,2,0,0,9,0,739
"AF08-HEADQUARTERS, U.S. AIR FORCE SECURITY FORCES CENTER",26,13,0,0,0,0,6,0,0,0,45,6,0,0,0,0,0,0,0,0,6,0,51
AF09-AIR FORCE PERSONNEL CENTER,1532,304,7,5,2,0,5,2,0,0,1857,3,1,2,0,1,0,1,0,0,8,0,1865
AF0B-U.S. AIR FORCE ACADEMY,798,222,6,3,0,0,1,0,0,0,1030,35,298,12,0,5,0,0,0,0,350,0,1380
"AF0D-U.S. AIR FORCES, EUROPE",949,307,9,0,0,0,73,0,0,0,1338,19,489,0,0,0,0,2,0,0,510,0,1848
AF0J-AIR EDUCATION AND TRAINING COMMAND,11334,3299,96,69,1,0,148,3,0,0,14950,553,181,122,0,22,0,7,0,0,885,0,15835
"AF0M-HEADQUARTERS, AIR FORCE RESERVE COMMAND",9877,2897,7,5,0,0,208,1,0,0,12995,75,0,4,0,1,0,0,0,0,80,0,13075
"AF0N-HEADQUARTERS, U.S. AIR FORCE",1,1,0,0,0,0,0,0,0,0,2,0,0,0,0,0,0,0,0,0,0,0,2
AF0R-PACIFIC AIR FORCES,1996,757,86,2,0,0,56,0,0,0,2897,56,175,5,0,16,0,1,0,0,253,0,3150
"AF0U-AIR FORCE INTELLIGENCE, SURVEILLANCE, & RECONNAISSANCE AGENCY",0,0,0,1,0,0,2283,0,0,0,2284,0,0,0,0,0,0,16,0,0,16,0,2300
AF0V-AIR FORCE SPECIAL OPERATIONS COMMAND,1030,377,2,3,0,0,128,1,0,0,1541,110,43,1,0,0,0,0,0,0,154,0,1695
AF11-AIR FORCE MANPOWER AGENCY,1,1,0,0,0,0,0,0,0,0,2,0,0,0,0,0,0,0,0,0,0,0,2
AF12-AIR FORCE PUBLIC AFFAIRS AGENCY,38,6,0,0,0,0,0,0,0,0,44,0,0,0,0,0,0,0,0,0,0,0,44
AF13-HQ USAF AND SUPPORT ELEMENTS,1280,475,74,3,0,0,206,77,3,0,2118,11,5,0,6,0,5,123,0,0,150,0,2268
"AF1A-AIR FORCE C2 & INTELLIGENCE, SURVEILLANCE & RECONNAISSANCE",2,1,0,0,0,0,0,0,0,0,3,0,0,0,0,0,0,0,0,0,0,0,3
AF1C-AIR COMBAT COMMAND,7109,2241,23,10,0,0,276,3,0,0,9662,365,35,15,0,2,0,14,0,0,431,0,10093
AF1G-AIR FORCE LOGISTICS MANAGEMENT AGENCY,2,2,0,0,0,0,0,0,0,0,4,0,0,0,0,0,0,1,0,0,1,0,5
AF1L-AIR MOBILITY COMMAND,6685,1475,23,6,0,0,53,2,0,0,8244,238,166,7,0,3,0,3,0,0,417,0,8661
AF1M-AIR FORCE MATERIEL COMMAND,46744,11826,387,351,208,0,967,39,0,0,60522,591,54,102,0,57,0,2,0,0,806,0,61328
AF1P-AIR FORCE REAL PROPERTY AGENCY,97,17,11,0,0,0,0,1,0,0,126,0,0,0,0,0,0,0,0,0,0,0,126
AF1Q-HQ AF FLIGHT STANDARDS AGENCY,44,5,0,0,0,0,0,0,0,0,49,0,0,0,0,0,0,0,0,0,0,0,49
"AF1S-HEADQUARTERS, AIR FORCE SPACE COMMAND",4741,1550,45,31,7,0,1240,3,0,0,7617,138,11,8,0,0,0,27,0,0,184,0,7801
AF1W-ENGINEERING AND SUPPORT AGENCY,99,42,1,0,0,0,0,0,0,0,142,13,0,0,0,0,0,0,0,0,13,0,155
AF1Y-AIR FORCE CIVILIAN CAREER TRAINING,641,739,124,257,45,0,91,0,0,0,1897,7,1,0,0,0,0,1,0,0,9,0,1906
AF20-AIR FORCE AGENCY FOR MODELING/SIMULATION,11,5,0,0,0,0,0,0,0,0,16,0,0,0,0,0,0,0,0,0,0,0,16
AF2A-AIR FORCE COST ANALYSIS AGENCY,85,21,0,0,0,0,0,0,0,0,106,0,0,0,0,0,0,0,0,0,0,0,106
AF2D-AIR FORCE PERSONNEL OPERATIONS AGENCY,195,62,0,0,0,0,0,0,0,0,257,0,0,0,0,0,0,0,0,0,0,0,257
AF2E-AIR FORCE LEGAL OPERATIONS AGENCY,115,28,103,2,0,0,3,0,0,0,251,0,3,0,0,0,0,0,0,0,3,0,254
AF2F-AIR FORCE MEDICAL SUPPORT AGENCY,62,44,2,0,0,0,0,0,0,0,108,10,0,0,0,0,0,0,0,0,10,0,118
AF2H-AIR FORCE OPERATIONS GROUP,2,0,0,0,0,0,0,0,0,0,2,0,0,0,0,0,0,0,0,0,0,0,2
AF2I-AIR NATIONAL GUARD SUPPORT CENTER,455,218,8,2,1,0,15,1,0,0,700,13,0,7,0,5,0,0,0,0,25,0,725
AF2K-AIR FORCE HISTORICAL RESEARCH AGENCY,47,1,0,0,0,0,0,0,0,0,48,0,0,0,0,0,0,0,0,0,0,0,48
AF2L-AIR FORCE TECHNICAL APPLICATIONS CENTER,0,0,0,0,0,0,363,0,0,0,363,0,0,0,0,0,0,6,0,0,6,0,369
AF2M-AIR FORCE REVIEW BOARDS AGENCY,37,21,4,1,0,0,0,1,0,0,64,8,0,0,0,2,0,0,0,0,10,0,74
"AF2Q-HEADQUARTERS, AIR WEATHER AGENCY",169,156,0,0,0,0,0,0,0,0,325,1,0,0,0,0,0,0,0,0,1,0,326
AF2R-AIR FORCE PROGRAM EXECUTIVE OFFICE,10,4,1,0,0,0,0,2,0,0,17,1,0,0,0,0,0,0,0,0,1,0,18
AF2S-AIR FORCE ELEMENTS NORAD,43,53,0,0,0,0,0,0,0,0,96,0,0,0,0,0,0,0,0,0,0,0,96
AF2T-AIR FORCE SAFETY CENTER,55,11,1,1,0,0,0,0,0,0,68,0,0,0,0,0,0,0,0,0,0,0,68
AF2U-AIR FORCE SERVICES AGENCY,29,1,0,0,0,0,0,0,0,0,30,0,0,0,0,0,0,0,0,0,0,0,30
AF2Z-AIR FORCE MEDICAL OPERATIONS AGENCY,113,31,0,0,0,0,0,0,0,0,144,3,0,0,0,2,0,0,0,0,5,0,149
AF34-AIR NATIONAL GUARD,485,124,0,3,0,0,5,0,0,0,617,18,1,3,0,2,0,0,0,0,24,0,641
"AF3C-AIR FORCE ELEMENTS, U.S. CENTRAL COMMAND",184,214,4,0,0,0,17,3,0,0,422,14,2,0,0,0,0,1,0,0,17,0,439
"AF3D-AIR FORCE ELEMENTS, U.S. SPECIAL OPERATIONS COMMAND",685,269,8,1,0,0,19,8,0,0,990,10,0,0,0,0,0,1,0,0,11,0,1001
"AF3N-AIR FORCE ELEMENTS, U.S. JOINT FORCES COMMAND",19,8,0,0,0,0,3,0,0,0,30,37,1,0,0,0,0,0,0,0,38,0,68
"AF3Q-AIR FORCE ELEMENTS, U.S. STRATEGIC COMMAND",1102,669,101,42,2,0,108,8,0,0,2032,27,4,1,0,3,0,7,0,0,42,0,2074
"AF3T-AIR FORCE ELEMENTS, U.S. TRANSPORTATION COMMAND",431,108,10,0,0,0,3,6,0,0,558,7,2,0,0,0,0,0,0,0,9,0,567
AF3V-AIR FORCE ELEMENTS,339,95,5,5,0,0,355,2,0,0,801,8,42,0,0,0,0,14,0,0,64,0,865
AF3W-AIR FORCE CENTER FOR ENGINEER & ENVIRONMENT,434,35,10,0,0,0,1,2,0,0,482,2,2,0,0,0,0,0,0,0,4,0,486
AF4D-U.S. NORTHERN COMMAND,368,280,3,0,0,0,36,5,0,0,692,37,0,0,0,0,0,24,0,0,61,0,753
AF4W-AIR FORCE DISTRICT OF WASHINGTON,814,139,5,4,0,0,10,0,0,0,972,27,0,2,0,0,0,0,0,0,29,0,1001
AF5J-AIR FORCE FINANCIAL SERVICES,37,66,1,0,0,0,2,0,0,0,106,25,0,0,0,0,0,0,0,0,25,0,131
AF5K-AIR FORCE PETROLEUM AGENCY,59,4,0,0,0,0,0,0,0,0,63,0,0,0,0,0,0,0,0,0,0,0,63
AFGS-AIR FORCE GLOBAL STRIKE COMMAND,1766,663,7,5,0,0,26,2,0,0,2469,68,2,1,0,0,0,2,0,0,73,0,2542
AFNG-AIR NATIONAL GUARD UNITS (TITLE 32),263,61,1,0,0,1,18390,0,0,0,18716,12,21,1,0,0,0,3201,0,0,3235,0,21951
"AFZG-U.S. SPECIAL OPERATIONS COMMAND (ANG, TITLE 32)",1,1,0,0,0,0,168,0,0,0,170,0,2,0,0,0,0,135,0,0,137,0,307
AG**-UNSPECIFIED,0,0,0,0,0,0,0,0,0,0,0,0,0,0,0,0,0,1,0,0,1,0,1
AG01-OFFICE OF THE SECRETARY OF AGRICULTURE,23,5,0,0,0,0,1,4,23,0,56,4,12,19,35,1,11,1,2,0,85,0,141
AG02-AGRICULTURAL MARKETING SERVICE,1769,280,7,14,0,0,13,12,0,0,2095,2,1944,10,1,3,0,0,0,0,1960,0,4055
AG03-AGRICULTURAL RESEARCH SERVICE,5532,410,6,33,3,0,42,36,0,0,6062,373,729,840,0,282,0,13,0,0,2237,0,8299
AG07-RURAL HOUSING SERVICE,4109,349,8,43,0,0,21,6,1,2,4539,18,2,46,52,19,0,2,0,0,139,0,4678
AG08-RISK MANAGEMENT AGENCY,399,50,0,1,0,0,3,4,1,0,458,0,0,6,3,0,0,4,0,0,13,0,471
AG10-FOREIGN AGRICULTURAL SERVICE,385,57,0,9,0,0,133,4,1,0,589,5,1,261,3,1,0,80,0,0,351,0,940
AG11-FOREST SERVICE,25019,3928,170,377,7,0,372,52,0,0,29925,7831,44,1900,0,51,0,114,0,0,9940,0,39865
AG13-OFFICE OF COMMUNICATIONS,62,1,0,0,0,0,0,1,1,0,65,0,2,1,7,0,0,0,0,0,10,0,75
AG14-OFFICE OF THE GENERAL COUNSEL,86,10,191,0,0,0,1,14,1,0,303,0,3,1,1,0,1,0,0,0,6,0,309
AG15-RURAL UTILITIES SERVICE,251,18,0,1,0,0,6,4,1,1,282,9,0,5,3,0,1,1,0,0,19,0,301
AG16-NATURAL RESOURCES CONSERVATION SERVICE,9126,1571,9,74,8,0,70,18,2,4,10882,216,244,119,3,17,0,35,0,0,634,0,11516
AG18-ECONOMIC RESEARCH SERVICE,278,42,0,2,0,0,2,2,0,0,326,1,0,11,0,5,0,0,0,0,17,0,343
AG20-NATIONAL AGRICULTURAL STATISTICS SERVICE,839,75,3,6,4,0,0,10,0,0,937,187,2,13,0,1,0,0,0,0,203,0,1140
AG22-NATIONAL INSTITUTE OF FOOD AND AGRICULTURE,278,48,5,3,0,0,2,8,0,0,344,0,54,8,1,1,1,7,0,0,72,0,416
AG23-OFFICE OF THE INSPECTOR GENERAL,452,51,11,2,0,0,9,9,0,0,534,0,0,8,0,0,1,0,1,0,10,0,544
AG30-FOOD AND NUTRITION SERVICE,1115,186,3,7,2,0,2,14,3,0,1332,5,0,10,2,31,0,0,1,0,49,0,1381
AG32-RURAL BUSINESS-COOPERATIVE SERVICE,70,5,0,1,0,0,0,2,2,0,80,0,2,1,1,0,0,0,0,0,4,0,84
AG34-ANIMAL AND PLANT HEALTH INSPECTION SERVICE,5025,474,24,27,2,0,55,36,0,0,5643,460,1935,127,0,8,0,11,0,0,2541,0,8184
"AG36-GRAIN INSPECTION, PACKERS AND STOCKYARDS ADMINISTRATION",510,142,4,0,0,0,4,3,1,0,664,9,88,1,0,0,0,0,0,0,98,0,762
AG37-FOOD SAFETY AND INSPECTION SERVICE,7967,1265,12,11,0,0,4,18,0,0,9277,63,519,36,1,0,0,2,0,0,621,0,9898
AG38-OFFICE OF THE CHIEF ECONOMIST,41,2,0,1,0,0,0,4,0,0,48,0,0,0,0,0,0,0,0,0,0,0,48
AG42-OFFICE OF BUDGET AND PROGRAM ANALYSIS,35,5,0,0,0,0,0,5,0,0,45,0,4,1,0,0,0,0,0,0,5,0,50
AG90-OFFICE OF THE CHIEF FINANCIAL OFFICER,913,253,20,0,0,0,29,9,0,0,1224,26,0,16,0,3,0,2,0,0,47,0,1271
AGAO-OFFICE OF ADVOCACY AND OUTREACH,35,7,0,2,0,0,0,1,0,0,45,2,1,4,0,0,0,2,0,0,9,0,54
AGCR-CIVIL RIGHTS,101,14,0,2,0,0,0,2,0,0,119,0,8,9,0,0,0,0,0,0,17,0,136
AGDA-DEPARTMENTAL ADMINISTRATION,390,57,5,5,0,0,14,5,0,0,476,4,20,47,0,0,0,8,1,0,80,0,556
AGES-OFFICE OF THE EXECUTIVE SECRETARIAT,13,6,0,1,0,0,1,0,0,0,21,0,2,1,0,0,0,0,0,0,3,0,24
AGFA-FARM SERVICE AGENCY,3793,492,8,4,0,0,16,8,2,0,4323,3,233,0,51,2,0,1,0,0,290,0,4613
AGHL-HOMELAND SECURITY STAFF,47,14,0,0,0,0,0,2,0,0,63,0,0,4,0,0,0,0,0,0,4,0,67
AGIT-OFFICE OF THE CHIEF INFORMATION OFFICER,786,172,1,9,6,0,6,7,0,0,987,0,0,1,0,0,0,2,0,0,3,0,990
AGNA-NATIONAL APPEALS DIVISION,63,29,0,0,0,0,0,0,0,0,92,0,0,0,0,0,0,0,0,0,0,0,92
AH01-NATIONAL ENDOWMENT FOR THE ARTS,110,15,0,0,0,0,0,4,4,0,133,1,18,0,6,0,16,0,0,0,41,0,174
AH02-NATIONAL ENDOWMENT FOR THE HUMANITIES,72,8,2,43,0,0,2,9,2,0,138,7,1,8,3,0,25,4,0,0,48,0,186
AH03-INSTITUTE OF MUSEUM AND LIBRARY SERVICES,37,18,1,2,0,0,4,2,0,0,64,0,0,0,0,0,21,6,0,0,27,0,91
AM00-U.S. AGENCY FOR INTERNATIONAL DEVELOPMENT,1029,310,56,15,14,0,999,31,3,0,2457,65,10,21,0,7,9,1404,1,0,1517,0,3974
AN00-AFRICAN DEVELOPMENT FOUNDATION,11,4,0,0,0,0,2,0,0,0,17,8,1,0,0,0,0,4,0,0,13,0,30
AP00-APPALACHIAN REGIONAL COMMISSION,4,0,0,0,0,0,3,0,0,0,7,0,0,0,0,0,1,0,0,0,1,0,8
AR2A-UNITED STATES ARMY CYBER COMMAND,99,47,13,0,0,0,34,0,0,0,193,1,0,0,0,0,0,0,0,0,1,0,194
AR3A-U.S. ARMY CENTRAL,135,39,3,0,0,0,9,0,0,0,186,47,262,0,0,0,0,41,0,0,350,0,536
AR5A-U.S. ARMY NORTH,220,64,3,0,0,0,21,0,0,0,308,10,0,0,0,0,0,1,0,0,11,0,319
ARA1-US ARMY SOUTHERN EUROPEAN TASK FORCE (USAFRAF/SETAF),99,51,1,0,0,0,24,0,0,0,175,5,5,0,0,0,0,2,0,0,12,0,187
ARAA-U. S. ARMY ACCESSION COMMAND,1746,681,8,8,0,0,157,0,0,0,2600,80,1,1,0,0,0,0,0,0,82,0,2682
ARAE-U.S. ARMY ACQUISITION SUPPORT CENTER,3785,1081,9,40,5,0,87,15,0,0,5022,191,153,6,0,12,0,0,0,0,362,0,5384
ARAP-U. S. MILITARY ENTRANCE PROCESSING COMMAND,1572,1003,4,3,0,0,125,0,0,0,2707,19,1,5,0,2,0,0,0,0,27,0,2734
ARAS-U.S. ARMY INTELLIGENCE AND SECURITY COMMAND,0,0,0,0,0,0,3235,0,0,0,3235,0,0,0,0,0,0,128,0,0,128,0,3363
ARAT-U.S. ARMY TEST AND EVALUATION COMMAND,3331,597,8,20,0,0,103,5,0,0,4064,24,1,17,0,3,0,6,0,0,51,0,4115
ARBA-U.S. ARMY INSTALLATION MANAGEMENT COMMAND,23752,5073,252,71,0,0,1237,6,0,0,30391,877,208,23,0,0,0,450,1,0,1559,0,31950
ARCB-U.S. ARMY CRIMINAL INVESTIGATION COMMAND,500,140,4,0,0,0,17,0,0,0,661,50,82,0,0,0,0,25,0,0,157,0,818
ARCE-U.S. ARMY CORPS OF ENGINEERS,27840,4018,442,480,25,0,342,38,0,0,33185,2511,336,580,0,269,1,38,1,0,3736,0,36921
ARCS-IMMEDIATE OFFICE OF THE CHIEF OF STAFF OF THE ARMY,1154,179,16,1,0,0,229,23,0,0,1602,7,2,15,0,3,0,87,0,0,114,0,1716
ARE1-IMMEDIATE OFFICE OF THE COMMANDER-IN-CHIEF OF THE U.S. ARMY EUROPE AND SEVENTH ARMY,706,250,26,0,0,0,98,6,0,0,1086,33,80,0,0,0,0,3,0,0,116,0,1202
ARE2-21ST THEATER SUSTAINMENT COMMAND (TSC),189,69,0,0,0,0,8,0,0,0,266,60,15,0,0,0,0,1,0,0,76,0,342
ARE5-U.S. ARMY V CORPS,6,3,0,0,0,0,0,0,0,0,9,0,1,0,0,0,0,0,0,0,1,0,10
AREN-SEVENTH ARMY TRAINING COMMAND,223,64,0,0,0,0,16,0,0,0,303,10,11,0,0,0,0,0,0,0,21,0,324
ARFC-U.S. ARMY FORCES COMMAND,1791,661,9,3,0,0,210,5,0,0,2679,403,27,0,0,1,0,247,0,0,678,0,3357
ARG6-U.S. ARMY NETWORK ENTERPRISE TECHNOLOGY COMMAND/9TH ARMY SIGNAL COMMAND,3453,1038,8,10,1,0,266,2,0,0,4778,57,12,2,0,2,0,3,0,0,76,0,4854
ARGB-OFFICE OF THE CHIEF OF THE NATIONAL GUARD BUREAU,431,279,1,0,0,0,14,0,0,0,725,19,1,5,0,6,0,0,0,0,31,0,756
ARHR-U.S. ARMY RESERVE COMMAND,6237,1433,9,0,0,0,757,1,0,0,8437,52,0,0,0,0,0,0,0,0,52,0,8489
ARJ1-U.S. ARMY ELEMENT SHAPE,105,30,0,0,0,0,36,0,0,0,171,7,4,0,0,0,0,0,0,0,11,0,182
ARJA-JOINT ACTIVITIES,1229,504,18,1,0,0,512,9,0,0,2273,98,35,11,0,12,0,70,0,0,226,0,2499
ARMA-U.S. MILITARY ACADEMY,392,50,37,0,0,0,18,0,0,0,497,9,190,2,0,0,0,6,0,0,207,0,704
ARMC-U.S. ARMY MEDICAL COMMAND,26121,12978,126,43,1,0,906,4,0,0,40179,1988,429,57,0,9,0,123,0,0,2606,0,42785
ARMW-U.S. ARMY MILITARY DISTRICT OF WASHINGTON,297,75,4,0,0,0,9,1,0,0,386,29,1,37,0,0,0,23,0,0,90,0,476
ARNG-ARMY NATIONAL GUARD UNITS (TITLE 32),1263,175,3,0,0,0,22342,0,0,0,23783,26,204,0,0,0,0,3416,0,0,3646,0,27429
"ARP1-U.S. ARMY, PACIFIC",1025,248,6,1,0,0,107,0,0,0,1387,22,17,0,0,0,0,17,0,0,56,0,1443
ARSA-OFFICE OF THE SECRETARY OF THE ARMY,827,107,29,0,0,0,10,48,6,0,1027,6,1,10,11,3,8,55,0,0,94,0,1121
ARSB-FIELD OPERATING OFFICES OF THE OFFICE OF THE SECRETARY OF THE ARMY,1037,959,11,21,7,0,142,5,0,0,2182,32,28,10,0,0,0,21,0,0,91,0,2273
ARSC-U. S. ARMY SPACE AND MISSILE DEFENSE COMMAND/U. S. ARMY FORCES STRATEGIC COMMAND,635,166,14,2,1,0,64,5,0,0,887,12,0,4,0,3,0,6,0,0,25,0,912
ARSE-HQDA FIELD OPERATING AGENCIES AND STAFF SUPPORT AGENCIES AND STAFF SUPPORT AGENCIES,5060,1134,70,56,2,0,277,6,0,0,6605,98,12,12,0,2,0,2,0,0,126,0,6731
ARSF-MISCELLANEOUS FIELD OPERATING AGENCIES,29,6,2,0,0,0,1,0,0,0,38,3,0,0,0,0,0,2,0,0,5,0,43
"ARSJ-JOINT SERVICES AND ACTIVITIES SUPPORTED BY THE OFFICE, SECRETARY OF THE ARMY",834,126,28,3,2,0,35,0,0,0,1028,0,184,13,0,1,1,74,0,0,273,0,1301
ARSO-U.S. ARMY SOUTH,219,41,4,0,0,0,27,0,0,0,291,27,0,0,0,0,0,2,0,0,29,0,320
ARSP-U.S. SPECIAL OPERATIONS COMMAND (ARMY),1102,329,2,2,0,0,125,0,0,0,1560,104,9,0,0,0,0,34,0,0,147,0,1707
ARTC-U.S. ARMY TRAINING AND DOCTRINE COMMAND,6808,1535,704,24,0,0,876,13,0,0,9960,460,1423,55,0,5,0,494,0,0,2437,0,12397
ARTW-U.S. ARMY WAR COLLEGE,216,30,2,0,0,0,9,0,0,0,257,4,79,1,0,0,0,3,0,0,87,0,344
"ARX2-HEADQUARTERS, AMC",592,123,17,5,0,0,35,13,0,0,785,4,2,0,0,1,0,3,0,0,10,0,795
"ARX4-TRAINING ACTIVITIES, AMC",61,1,0,0,0,0,0,0,0,0,62,0,0,0,0,0,0,0,0,0,0,0,62
ARX6-U.S. ARMY AVIATION AND MISSILE COMMAND,7291,1885,56,50,2,0,354,4,0,0,9642,111,19,27,0,10,0,16,0,0,183,0,9825
ARX7-U.S. ARMY TANK-AUTOMOTIVE AND ARMAMENT COMMAND (TACOM),9722,1858,86,57,0,0,448,3,0,0,12174,349,1585,15,0,33,0,608,0,0,2590,0,14764
ARX8-U.S. ARMY COMMUNICATIONS ELECTRONICS COMMAND,5969,1067,81,49,9,0,167,4,0,0,7346,257,8,41,0,5,0,0,0,0,311,0,7657
ARXB-U.S. ARMY CHEMICAL MATERIALS AGENCY,713,101,4,0,0,0,40,0,0,0,858,33,0,0,0,5,0,0,0,0,38,0,896
ARXC-U.S. ARMY SUSTAINMENT COMMAND,835,243,31,0,0,0,18,4,0,0,1131,48,223,9,0,2,0,15,0,0,297,0,1428
ARXD-U. S. ARMY CONTRACTING COMMAND,4475,958,44,74,2,0,71,6,0,0,5630,51,9,7,0,3,0,0,0,0,70,0,5700
ARXK-MATERIEL ACQUISITION ACTIVITIES,145,17,0,0,0,0,0,0,0,0,162,1,0,1,0,0,0,0,0,0,2,0,164
ARXP-U.S. ARMY SECURITY ASSISTANCE COMMAND,398,72,1,3,1,0,3,1,0,0,479,11,2,4,0,0,0,0,0,0,17,0,496
ARXQ-U.S. ARMY JOINT MUNITIONS COMMAND,4392,556,13,8,1,0,49,2,0,0,5021,92,796,3,0,0,0,1,0,0,892,0,5913
"ARXR-U.S. ARMY RESEARCH, DEVELOPMENT AND ENGINEERING COMMAND",12061,2036,44,75,5,0,204,27,0,0,14452,121,8,169,0,49,0,31,0,0,378,0,14830
ARXT-U.S. ARMY MILITARY SURFACE DEPLOYMENT AND DISTRIBUTION COMMAND,1099,239,8,0,0,0,20,2,0,0,1368,26,3,1,0,0,0,0,0,0,30,0,1398
ARXX-MATERIEL READINESS ACTIVITIES,291,87,0,0,0,0,0,0,0,0,378,4,1,0,0,0,0,0,0,0,5,0,383
AU00-FEDERAL LABOR RELATIONS AUTHORITY,46,3,64,0,0,0,0,13,0,0,126,0,0,0,0,1,10,0,0,0,11,0,137
AW00-ARCTIC RESEARCH COMMISSION,1,0,0,0,0,0,0,1,0,0,2,0,0,0,0,0,4,0,0,0,4,0,6
BD00-MERIT SYSTEMS PROTECTION BOARD,85,3,80,0,0,0,18,10,4,0,200,0,0,0,3,0,3,0,0,0,6,0,206
BF00-DEFENSE NUCLEAR FACILITIES SAFETY BOARD,20,3,8,0,0,0,72,8,0,0,111,0,0,0,0,0,5,0,0,0,5,0,116
BG00-PENSION BENEFIT GUARANTY CORPORATION,678,116,107,7,1,0,1,0,0,0,910,3,1,34,2,7,1,7,0,0,55,0,965
BK00-JAMES MADISON MEMORIAL FELLOWSHIP FOUNDATION,0,0,0,0,0,0,5,0,0,0,5,0,0,0,0,0,0,0,0,0,0,0,5
BO00-OFFICE OF MANAGEMENT AND BUDGET,311,59,26,0,5,0,0,58,13,0,472,1,12,7,17,7,5,3,1,0,53,0,525
BT00-ARCHITECTURAL AND TRANSPORTATION BARRIERS COMPLIANCE BOARD,22,1,4,0,0,0,0,1,0,0,28,0,0,0,0,0,12,0,0,0,12,0,40
BW00-NUCLEAR WASTE TECHNICAL REVIEW BOARD,3,0,0,0,0,0,5,1,0,0,9,0,0,0,0,0,11,1,0,0,12,0,21
BZ00-CHRISTOPHER COLUMBUS FELLOWSHIP FOUNDATION,0,0,0,0,0,0,2,0,0,0,2,0,0,0,0,0,8,3,0,0,11,0,13
CC00-COMMISSION ON CIVIL RIGHTS,22,0,3,0,0,0,0,0,0,0,25,0,1,1,8,0,2,6,0,0,18,1,44
CE00-COUNCIL OF ECONOMIC ADVISERS,3,0,0,0,0,0,0,1,0,0,4,0,0,0,0,0,2,26,0,0,28,0,32
CF00-COMMISSION OF FINE ARTS,9,0,0,0,0,0,0,1,0,0,10,1,0,0,0,0,0,0,0,0,1,0,11
CM51-OFFICE OF THE SECRETARY,461,69,152,0,1,0,4,29,9,0,725,8,11,6,43,0,4,3,0,0,75,0,800
CM52-ECONOMIC DEVELOPMENT ADMINISTRATION,114,37,9,0,0,0,2,8,3,0,173,10,3,2,6,2,0,1,0,0,24,0,197
CM53-BUREAU OF ECONOMIC ANALYSIS,398,61,0,2,0,0,2,12,0,0,475,0,0,11,0,1,0,0,0,0,12,0,487
CM54-NATIONAL OCEANIC AND ATMOSPHERIC ADMINISTRATION,10375,1166,462,71,3,0,78,104,9,0,12268,146,33,81,6,21,2,35,0,0,324,0,12592
CM55-INTERNATIONAL TRADE ADMINISTRATION,1028,91,6,8,7,0,176,23,8,0,1347,7,0,2,16,0,5,88,0,0,118,0,1465
CM56-PATENT AND TRADEMARK OFFICE,8367,2354,617,5,0,0,70,67,1,0,11481,13,1,0,1,3,1,33,1,0,53,0,11534
CM57-NATIONAL INSTITUTE OF STANDARDS AND TECHNOLOGY,2371,333,2,6,1,0,3,28,0,0,2744,101,112,124,0,8,1,3,0,0,349,0,3093
CM59-MINORITY BUSINESS DEVELOPMENT AGENCY,47,3,1,1,0,0,0,1,2,0,55,3,0,6,2,0,0,1,0,0,12,0,67
CM61-NATIONAL TELECOMMUNICATIONS AND INFORMATION ADMINISTRATION,190,20,19,0,0,0,3,9,1,0,242,11,12,15,1,0,1,4,0,0,44,0,286
CM62-NATIONAL TECHNICAL INFORMATION SERVICE,91,9,0,0,0,0,0,1,0,0,101,0,1,0,0,0,0,0,0,0,1,0,102
CM63-BUREAU OF THE CENSUS,4937,1161,7248,2,9,0,37,33,1,0,13428,117,238,38,2,128,0,2,0,0,525,0,13953
CM64-OFFICE OF THE INSPECTOR GENERAL,93,26,8,0,0,0,0,7,0,0,134,5,0,0,0,0,1,0,0,0,6,0,140
CM65-ECONOMICS AND STATISTICS ADMINISTRATION,24,3,0,0,0,0,0,3,1,0,31,2,0,2,1,0,0,0,0,0,5,0,36
CM67-BUREAU OF INDUSTRY AND SECURITY,302,47,1,5,0,0,3,11,0,0,369,3,0,4,5,0,3,0,0,0,15,0,384
CT00-COMMODITY FUTURES TRADING COMMISSION,317,80,277,0,0,0,0,0,0,0,674,7,6,0,7,0,5,8,0,0,33,0,707
CU00-NATIONAL CREDIT UNION ADMINISTRATION,855,282,32,0,0,0,2,0,0,0,1171,4,2,2,6,0,3,0,0,0,17,0,1188
CX00-NATIONAL COMMISSION ON LIBRARIES AND INFORMATION SCIENCE,0,0,0,0,0,0,0,0,0,0,0,0,0,0,0,0,1,16,0,0,17,0,17
DB00-PUBLIC INTEREST DECLASSIFICATION BOARD,0,0,0,0,0,0,0,0,0,0,0,0,0,0,0,0,3,4,0,0,7,0,7
DD01-OFFICE OF THE SECRETARY OF DEFENSE,1174,255,32,93,4,0,191,184,58,0,1991,6,14,0,60,1,26,177,6,0,290,0,2281
DD02-ORGANIZATION OF THE JOINT CHIEFS OF STAFF,740,256,3,0,0,0,1,14,0,0,1014,13,0,0,1,0,0,2,0,0,16,0,1030
DD04-DEFENSE INFORMATION SYSTEMS AGENCY,4619,1417,23,57,0,0,17,25,0,0,6158,14,4,19,0,5,0,7,0,0,49,0,6207
DD06-DEFENSE SECURITY COOPERATION AGENCY,469,96,13,20,0,0,0,3,0,0,601,3,46,26,0,2,0,55,0,0,132,0,733
DD07-DEFENSE LOGISTICS AGENCY,20453,3760,278,260,48,0,256,24,0,0,25079,239,26,5,0,13,0,4,0,0,287,0,25366
DD08-U.S. COURT OF APPEALS FOR THE ARMED FORCES,12,1,2,0,0,0,8,2,0,0,25,0,16,1,0,0,4,8,0,0,29,0,54
DD10-DEFENSE CONTRACT AUDIT AGENCY,3698,1326,27,19,2,0,14,17,0,0,5103,22,5,15,0,2,0,0,0,0,44,0,5147
DD12-DEFENSE SECURITY SERVICE,0,0,0,0,0,0,868,0,0,0,868,0,1,0,0,0,0,0,0,0,1,0,869
DD13-DEFENSE ADVANCED RESEARCH PROJECTS AGENCY,72,2,3,0,0,0,0,7,1,0,85,16,0,0,0,0,0,49,0,0,65,0,150
DD16-DEPARTMENT OF DEFENSE EDUCATION ACTIVITY,684,162,5140,1,0,0,4628,4,0,0,10619,25,3900,5,0,0,0,1194,0,0,5124,0,15743
DD21-WASHINGTON HEADQUARTERS SERVICES,1115,219,35,9,5,0,7,11,0,0,1401,7,72,7,12,1,0,51,2,0,152,0,1553
DD23-OFFICE OF ECONOMIC ADJUSTMENT,32,3,0,0,0,0,0,1,0,0,36,0,1,0,0,0,0,0,0,0,1,0,37
DD25-DEFENSE LEGAL SERVICES AGENCY,61,5,83,0,0,0,18,3,1,0,171,7,97,0,1,0,0,3,0,0,108,0,279
DD26-OFFICE OF THE INSPECTOR GENERAL,973,130,17,381,0,0,38,18,0,0,1557,14,15,6,0,0,0,2,1,0,38,0,1595
DD27-MISSILE DEFENSE AGENCY,1210,1018,21,6,0,0,32,19,0,0,2306,8,1,1,0,0,0,0,0,0,10,0,2316
DD29-DEFENSE TECHNOLOGY SECURITY ADMINISTRATION,119,10,1,0,0,0,0,2,0,0,132,0,0,0,0,0,0,0,0,0,0,0,132
DD34-DEFENSE COMMISSARY AGENCY,9696,3407,110,21,0,0,40,4,0,0,13278,127,295,467,0,0,0,10,0,0,899,0,14177
DD35-DEFENSE FINANCE AND ACCOUNTING SERVICE,9515,1979,53,7,2,0,36,20,0,0,11612,53,15,23,0,2,0,0,0,0,93,0,11705
DD48-DEFENSE HUMAN RESOURCES ACTIVITY,887,164,6,4,0,2,407,9,0,0,1479,25,0,0,0,1,0,14,0,0,40,0,1519
DD58-DEFENSE PRISONER OF WAR/MISSING PERSONNEL OFFICE,39,12,2,0,0,0,20,1,0,0,74,0,1,0,0,0,0,0,0,0,1,0,75
DD60-TRICARE MANAGEMENT ACTIVITY,4140,1122,166,5,1,0,59,9,0,1,5503,98,204,6,0,5,1,35,1,0,350,0,5853
DD61-DEFENSE THREAT REDUCTION AGENCY,919,256,17,2,10,0,54,11,1,0,1270,1,5,3,0,8,0,4,0,0,21,0,1291
DD63-DEFENSE CONTRACT MANAGEMENT AGENCY,8396,1716,101,18,6,0,65,12,0,0,10314,76,13,15,0,2,0,2,0,0,108,0,10422
DD65-PENTAGON FORCE PROTECTION AGENCY,1007,179,0,1,0,0,1,3,0,0,1191,0,0,0,0,0,0,0,0,0,0,0,1191
DD68-DEPARTMENT OF DEFENSE TEST RESOURCE MANAGEMENT CENTER,25,1,0,0,0,0,0,2,0,0,28,0,0,0,0,0,0,0,0,0,0,0,28
DD69-NATIONAL DEFENSE UNIVERSITY,210,43,1,3,0,0,1,0,0,0,258,9,3,3,0,3,0,278,0,0,296,0,554
DD74-DEFENSE TECHNICAL INFORMATION CENTER,182,16,3,0,0,0,0,1,0,0,202,0,0,0,0,0,0,0,0,0,0,0,202
DD80-DEFENSE MEDIA ACTIVITY,425,174,5,0,0,0,11,0,0,0,615,2,1,1,0,15,0,0,0,0,19,0,634
DD81-DEFENSE ACQUISITION UNIVERSITY,117,27,2,26,0,0,10,1,0,0,183,1,0,0,0,10,0,507,0,0,518,0,701
DF00-OFFICE OF THE FEDERAL COORDINATOR FOR ALASKA NATURAL GAS TRANSPORTATION PROJECTS,0,0,0,0,0,0,0,0,0,0,0,0,0,0,0,0,1,3,0,0,4,0,4
DG00-NORTHERN BORDER REGIONAL COMMISSION,0,0,0,0,0,0,0,0,0,0,0,0,0,0,0,0,1,0,0,0,1,0,1
"DJ01-OFFICES, BOARDS AND DIVISIONS",2460,397,3029,26,7,0,98,197,45,0,6259,166,165,111,54,23,19,3,2,0,543,0,6802
DJ02-FEDERAL BUREAU OF INVESTIGATION,3,0,84,0,0,0,35474,251,0,1,35813,0,0,0,0,0,1,57,3,0,61,0,35874
DJ03-BUREAU OF PRISONS/FEDERAL PRISON SYSTEM,31143,6011,298,8,0,0,320,76,1,0,37857,31,48,24,0,48,0,0,0,0,151,0,38008
DJ06-DRUG ENFORCEMENT ADMINISTRATION,7803,632,474,573,0,0,68,63,0,0,9613,2,7,90,0,9,0,0,0,0,108,0,9721
DJ07-OFFICE OF JUSTICE PROGRAMS,496,41,28,1,0,0,3,17,3,0,589,3,2,2,8,0,3,1,0,0,19,0,608
DJ08-U.S. MARSHALS SERVICE,4360,952,15,3,0,0,154,15,0,0,5499,1,1,0,0,9,77,11,1,0,100,0,5599
DJ09-EXECUTIVE OFFICE FOR U.S. ATTORNEYS AND THE OFFICES OF THE U.S. ATTORNEYS,4687,591,57,33,3,0,5390,13,0,0,10774,60,6,160,2,241,89,207,0,0,765,0,11539
DJ10-OFFICE OF THE INSPECTOR GENERAL,358,44,18,5,0,0,5,8,0,0,438,0,1,29,0,1,1,0,0,0,32,0,470
DJ11-U.S. TRUSTEE PROGRAM,134,3,294,647,0,0,122,4,0,0,1204,0,0,0,0,0,0,0,0,0,0,0,1204
DJ12-EXECUTIVE OFFICE FOR IMMIGRATION REVIEW,673,91,448,1,0,0,14,4,0,0,1231,0,109,74,0,0,0,0,0,0,183,0,1414
DJ14-COMMUNITY RELATIONS SERVICE,32,9,0,0,0,0,2,0,0,0,43,0,0,0,1,0,1,0,0,0,2,0,45
"DJ15-BUREAU OF ALCOHOL, TOBACCO, FIREARMS, AND EXPLOSIVES",4378,231,38,2,0,0,61,46,0,0,4756,0,0,25,0,0,0,0,0,0,25,0,4781
DLAA-OFFICE OF THE SECRETARY OF LABOR,147,14,17,2,0,0,57,1,7,0,245,3,36,6,24,0,2,4,0,0,75,0,320
DLAM-OFFICE OF THE ASSISTANT SECRETARY FOR ADMINISTRATION AND MANAGEMENT,568,91,27,8,3,0,21,10,1,0,729,1,1,7,1,5,1,0,2,0,18,0,747
DLBL-BUREAU OF INTERNATIONAL LABOR AFFAIRS,69,17,6,4,1,0,0,3,1,0,101,0,0,0,3,1,0,0,0,0,4,0,105
DLCA-OFFICE OF CONGRESSIONAL AND INTERGOVERNMENTAL AFFAIRS,4,0,0,1,0,0,0,0,2,0,7,0,0,0,19,0,1,0,0,0,20,0,27
DLCF-OFFICE OF THE CHIEF FINANCIAL OFFICER,86,20,1,15,1,0,0,3,0,0,126,0,0,0,0,0,1,0,0,0,1,0,127
DLEH-OFFICE OF DISABILITY EMPLOYMENT POLICY,29,5,9,0,1,0,1,0,0,0,45,0,1,3,2,0,1,0,0,0,7,0,52
DLET-EMPLOYMENT AND TRAINING ADMINISTRATION,856,226,3,13,0,0,28,16,1,0,1143,9,0,4,2,0,1,2,1,0,19,0,1162
DLIG-OFFICE OF THE INSPECTOR GENERAL,339,33,8,1,0,0,14,8,0,0,403,2,0,0,0,0,0,0,0,0,2,0,405
DLLS-BUREAU OF LABOR STATISTICS,1969,449,3,0,0,0,9,18,0,0,2448,6,2,2,0,0,0,0,0,0,10,0,2458
DLMS-MINE SAFETY AND HEALTH ADMINISTRATION,1868,460,1,2,4,0,26,9,0,0,2370,28,0,2,2,17,1,0,0,0,50,1,2421
DLOF-OFFICE OF FEDERAL CONTRACT COMPLIANCE PROGRAMS,505,201,13,4,3,0,26,7,2,0,761,2,0,8,2,2,0,0,0,0,14,0,775
DLOL-OFFICE OF LABOR-MANAGEMENT STANDARDS,204,14,0,0,0,0,4,5,1,0,228,0,0,0,0,0,0,0,0,0,0,0,228
DLOW-OFFICE OF WORKERS' COMPENSATION PROGRAMS,1346,229,21,1,0,0,23,5,0,1,1626,6,0,6,0,1,0,0,2,0,15,0,1641
DLPA-OFFICE OF PUBLIC AFFAIRS,35,8,1,0,0,0,0,1,2,0,47,0,0,0,12,1,0,0,0,0,13,0,60
DLPE-OFFICE OF THE ASSISTANT SECRETARY FOR POLICY,19,3,0,0,2,0,0,1,1,0,26,0,0,0,2,0,0,0,0,0,2,0,28
DLPW-EMPLOYEE BENEFITS SECURITY ADMINISTRATION,733,180,16,19,10,0,18,15,1,0,992,0,0,25,2,11,1,12,0,0,51,0,1043
DLSH-OCCUPATIONAL SAFETY AND HEALTH ADMINISTRATION,1784,371,20,8,4,0,23,17,1,0,2228,0,2,26,2,12,1,0,0,0,43,0,2271
DLSL-OFFICE OF THE SOLICITOR,152,11,280,1,3,0,195,18,1,0,661,23,71,0,2,0,1,5,0,0,102,0,763
DLVE-VETERANS EMPLOYMENT AND TRAINING SERVICES,152,42,1,0,0,0,14,2,1,0,212,5,0,1,0,0,0,0,0,0,6,0,218
DLWB-WOMEN'S BUREAU,41,3,1,3,1,0,0,0,1,0,50,0,0,1,3,0,0,0,0,0,4,0,54
DLWH-WAGE AND HOUR DIVISION,1313,366,26,17,7,0,72,9,1,0,1811,12,1,48,3,13,0,0,0,0,77,0,1888
DN00-DEPARTMENT OF ENERGY,10935,1504,332,98,10,1,469,399,23,2,13773,123,28,68,73,9,15,317,5,0,638,0,14411
DNFE-FEDERAL ENERGY REGULATORY COMMISSION,881,255,135,11,1,0,108,43,1,0,1435,0,16,2,4,9,5,0,0,0,36,0,1471
DQ00-DENALI COMMISSION,0,0,0,0,0,0,15,0,0,0,15,0,0,0,0,0,0,4,0,0,4,0,19
EB00-EXPORT-IMPORT BANK OF THE UNITED STATES,300,53,33,0,0,0,0,0,0,0,386,10,4,0,13,0,6,0,0,0,33,0,419
EC00-OFFICE OF ADMINISTRATION,130,27,54,1,0,0,3,0,0,0,215,2,1,1,0,0,2,4,0,0,10,0,225
EDEA-IMMEDIATE OFFICE OF THE SECRETARY OF EDUCATION,54,5,2,1,0,0,1,3,3,0,69,0,2,1,20,0,1,2,0,0,26,0,95
EDEB-OFFICE OF THE DUTY SECRETARY OF EDUCATION,34,11,5,0,1,0,0,4,1,0,56,0,0,1,5,1,1,2,0,0,10,0,66
EDEC-OFFICE FOR CIVIL RIGHTS,230,17,289,0,0,0,9,2,1,0,548,1,4,10,5,3,1,2,0,0,26,0,574
"EDED-OFFICE OF PLANNING, EVALUATION AND POLICY DEVELOPMENT",84,13,0,1,5,0,0,7,1,0,111,0,0,4,9,0,1,1,0,0,15,0,126
EDEE-OFFICE OF THE UNDER SECRETARY,5,2,0,0,0,0,0,0,1,0,8,0,0,0,17,0,1,6,0,0,24,0,32
EDEF-OFFICE OF INSPECTOR GENERAL,230,32,4,1,0,0,1,7,0,0,275,8,2,0,0,0,1,0,0,0,11,0,286
EDEG-OFFICE OF THE GENERAL COUNSEL,16,0,68,1,0,0,10,8,1,0,104,1,0,0,6,0,0,0,0,0,7,0,111
EDEH-OFFICE OF SPECIAL EDUCATION AND REHABILITATIVE SERVICES,183,31,29,8,0,0,8,3,3,0,265,1,0,0,2,0,0,2,0,0,5,0,270
EDEI-OFFICE OF THE CHIEF INFORMATION OFFICER,106,12,1,1,0,0,1,5,0,0,126,0,0,6,0,0,0,0,0,0,6,0,132
EDEJ-OFFICE OF LEGISLATION AND CONGRESSIONAL AFFAIRS,5,1,2,0,0,0,0,0,0,0,8,0,0,0,8,0,1,0,0,0,9,0,17
EDEL-OFFICE OF THE CHIEF FINANCIAL OFFICER,141,21,1,5,0,0,2,2,0,0,172,0,0,7,0,0,0,0,0,0,7,0,179
EDEM-OFFICE OF MANAGEMENT,152,15,7,1,0,0,4,3,0,0,182,0,0,3,0,2,0,0,0,0,5,0,187
EDEN-FEDERAL STUDENT AID,811,232,2,4,0,0,164,9,0,0,1222,1,0,8,0,0,0,0,0,0,9,0,1231
EDEO-OFFICE OF COMMUNICATIONS AND OUTREACH,73,10,1,0,0,0,1,0,0,0,85,0,1,0,15,0,1,12,0,0,29,0,114
EDEP-OFFICE OF POSTSECONDARY EDUCATION,139,35,1,2,0,0,2,3,1,0,183,0,0,0,1,0,1,57,0,0,59,0,242
EDER-INSTITUTE OF EDUCATION SCIENCES,108,22,0,0,0,0,1,3,0,0,134,0,0,2,0,0,2,38,0,0,42,0,176
EDES-OFFICE OF ELEMENTARY AND SECONDARY EDUCATION,182,43,2,1,0,0,0,1,1,0,230,0,0,1,10,0,1,33,0,0,45,0,275
EDET-OFFICE OF ENGLISH LANGUAGE ACQUISITION,15,2,0,0,0,0,0,0,1,0,18,0,0,0,1,0,0,0,0,0,1,0,19
EDEU-OFFICE OF INNOVATION AND IMPROVEMENT,52,29,1,2,0,0,0,1,1,0,86,0,1,1,5,0,0,2,0,0,9,0,95
EDEV-OFFICE OF VOCATIONAL AND ADULT EDUCATION,63,8,1,0,2,0,0,1,1,0,76,0,1,0,3,0,1,1,0,0,6,0,82
EDEX-NATIONAL INSTITUTE FOR LITERACY,0,0,0,0,0,0,0,0,0,0,0,0,0,0,0,0,0,1,0,0,1,0,1
EDEY-ADVISORY COUNCILS AND COMMITTEES,0,0,0,0,0,0,4,0,0,0,4,0,0,0,0,0,0,17,0,0,17,0,21
EDEZ-NATIONAL ASSESSMENT GOVERNING BOARD,4,1,0,0,0,0,0,0,0,0,5,0,0,0,0,0,0,30,0,0,30,0,35
EE00-EQUAL EMPLOYMENT OPPORTUNITY COMMISSION,1479,241,519,0,0,0,1,28,3,0,2271,2,5,10,1,0,5,0,0,0,23,0,2294
EO00-MORRIS K. UDALL AND STEWART L. UDALL FOUNDATION,0,0,0,0,0,0,9,0,0,0,9,0,0,0,0,0,6,38,0,0,44,0,53
EP00-ENVIRONMENTAL PROTECTION AGENCY,13922,1202,1078,105,20,0,103,250,29,0,16709,65,101,114,22,61,11,970,5,0,1349,3,18061
EQ00-COUNCIL ON ENVIRONMENTAL QUALITY/OFFICE OF ENVIRONMENTAL QUALITY,2,0,2,0,0,0,0,0,0,0,4,0,4,0,7,0,2,7,0,0,20,0,24
EW00-TRADE AND DEVELOPMENT AGENCY,24,8,5,0,0,0,0,2,0,0,39,1,1,0,0,0,0,6,0,0,8,0,47
FC00-FEDERAL COMMUNICATIONS COMMISSION,1045,65,514,0,0,0,11,38,3,0,1676,8,21,11,2,11,3,23,0,0,79,0,1755
FD00-FEDERAL DEPOSIT INSURANCE CORPORATION,4541,775,291,88,11,0,30,0,0,0,5736,1386,669,90,4,15,4,20,0,0,2188,0,7924
FI00-FEDERAL FINANCIAL INSTITUTIONS EXAMINATION COUNCIL,8,2,1,0,0,0,0,0,0,0,11,0,0,0,0,0,0,0,0,0,0,0,11
FJ00-CHEMICAL SAFETY AND HAZARD INVESTIGATION BOARD,18,11,3,0,0,0,3,2,0,0,37,0,1,2,0,0,2,0,1,0,6,0,43
FK00-FARM CREDIT SYSTEM INSURANCE CORPORATION,9,1,1,0,0,0,0,0,0,0,11,0,0,0,0,0,0,0,0,0,0,0,11
FL00-FARM CREDIT ADMINISTRATION,223,36,13,4,0,0,3,0,0,0,279,1,0,0,3,0,3,0,0,0,7,0,286
FM00-FEDERAL MEDIATION AND CONCILIATION SERVICE,55,4,4,0,0,0,176,2,0,0,241,0,0,0,0,0,1,0,0,0,1,0,242
FQ01-OFFICE OF THE DIRECTOR,728,115,3,1,0,0,0,9,0,0,856,7,0,7,0,3,1,0,0,0,18,0,874
FQ02-PRETRIAL SERVICES AGENCY,334,25,1,0,0,0,0,2,0,0,362,1,0,0,0,0,0,0,0,0,1,0,363
FRFT-BUREAU OF CONSUMER FINANCIAL PROTECTION,211,152,189,8,7,0,121,0,0,0,688,48,22,2,0,7,1,199,0,0,279,0,967
FT00-FEDERAL TRADE COMMISSION,357,71,603,6,0,0,1,31,7,0,1076,73,10,5,1,0,5,7,0,0,101,0,1177
FW00-OFFICE OF SPECIAL COUNSEL,42,0,53,0,0,0,3,0,1,0,99,1,14,4,4,0,1,4,1,0,29,0,128
GB00-OVERSEAS PRIVATE INVESTMENT CORPORATION,141,35,20,2,0,0,8,0,0,0,206,12,1,1,1,1,10,8,0,0,34,0,240
GE00-BARRY GOLDWATER SCHOLARSHIP AND EXCELLENCE IN EDUCATION FOUNDATION,0,0,0,0,0,0,1,0,1,0,2,0,0,0,0,0,1,4,0,0,5,0,7
GG00-OFFICE OF GOVERNMENT ETHICS,43,4,14,0,0,0,0,5,0,0,66,0,3,0,0,0,0,0,0,0,3,0,69
GJ00-PRESIDIO TRUST,0,0,0,0,0,0,286,0,0,0,286,0,0,0,0,0,0,22,0,0,22,0,308
GM00-VALLES CALDERA TRUST,0,0,0,0,0,0,25,0,0,0,25,0,0,0,0,0,0,40,0,0,40,0,65
GO00-VIETNAM EDUCATION FOUNDATION,0,0,0,0,0,0,6,0,0,0,6,0,0,0,0,0,4,2,0,0,6,0,12
GQ00-ELECTION ASSISTANCE COMMISSION,0,0,0,0,0,0,2,0,0,0,2,0,0,0,0,0,0,27,0,0,27,0,29
GS01-IMMEDIATE OFFICE OF THE ADMINISTRATOR,2,4,0,0,0,0,0,0,3,0,9,0,3,0,7,0,0,0,0,0,10,0,19
GS02-OFFICE OF ADMINISTRATIVE SERVICES,45,5,0,1,0,0,0,2,0,0,53,0,0,0,1,0,0,0,0,0,1,0,54
GS03-PUBLIC BUILDINGS SERVICE,5242,724,43,138,35,0,30,18,3,0,6233,19,27,2,0,3,0,0,1,0,52,0,6285
GS04-OFFICE OF CIVIL RIGHTS,20,2,1,0,0,0,0,1,0,0,24,0,0,0,0,0,0,0,0,0,0,0,24
GS10-OFFICE OF SMALL BUSINESS UTILIZATION,10,1,0,0,0,0,0,0,1,0,12,0,0,0,1,0,0,0,0,0,1,0,13
GS11-OFFICE OF THE CHIEF FINANCIAL OFFICER,690,85,1,8,5,0,0,4,0,0,793,1,2,0,0,0,0,1,0,0,4,0,797
GS12-OFFICE OF GENERAL COUNSEL,21,2,110,0,0,0,6,6,1,0,146,0,1,1,0,0,0,0,0,0,2,0,148
GS13-CIVILIAN BOARD OF CONTRACT APPEALS,17,0,16,0,0,0,1,0,0,0,34,0,0,0,0,0,0,0,0,0,0,0,34
GS14-OFFICE OF THE CHIEF PEOPLE OFFICER,215,13,2,1,0,0,2,5,0,0,238,1,2,2,0,0,0,0,0,0,5,0,243
GS15-OFFICE OF INSPECTOR GENERAL,232,29,5,0,1,0,4,7,0,0,278,3,0,0,0,1,1,0,0,0,5,0,283
GS19-OFFICE OF CITIZEN SERVICES AND INNOVATIVE TECHNOLOGIES,72,13,0,1,0,0,0,4,1,0,91,0,8,2,0,0,0,0,0,0,10,0,101
GS20-OFFICE OF CONGRESSIONAL AND INTERGOVERNMENTAL AFFAIRS,8,0,0,1,0,0,0,0,1,0,10,0,0,0,3,0,0,0,0,0,3,0,13
GS22-OFFICES OF THE REGIONAL ADMINISTRATORS,6,3,0,0,0,0,30,0,1,0,40,0,0,0,15,0,0,1,0,0,16,0,56
GS26-OFFICE OF GOVERNMENTWIDE POLICY,152,23,3,0,0,0,3,9,0,0,190,1,7,2,0,0,0,0,0,0,10,0,200
GS28-OFFICE OF THE CHIEF INFORMATION OFFICER,183,19,1,0,0,0,0,4,0,0,207,0,2,1,0,0,0,0,0,0,3,0,210
GS30-FEDERAL ACQUISITION SERVICE,3259,458,13,28,2,0,23,31,0,0,3814,8,11,1,0,0,0,2,1,0,23,0,3837
GS31-OFFICE OF EMERGENCY RESPONSE AND RECOVERY,16,10,0,0,0,0,0,1,0,0,27,0,0,0,0,0,0,0,0,0,0,0,27
GS32-OFFICE OF COMMUNICATIONS AND MARKETING,42,3,0,0,0,0,0,0,0,0,45,0,4,1,0,0,0,0,0,0,5,0,50
GW00-INTERNATIONAL BOUNDARY AND WATER COMMISSION:  UNITED STATES AND MEXICO,178,57,3,6,0,0,4,0,0,0,248,7,0,11,0,0,1,0,0,0,19,0,267
GX00-INTERNATIONAL BOUNDARY COMMISSION:  UNITED STATES AND CANADA,4,3,0,0,0,0,0,0,0,0,7,0,10,0,0,0,0,0,0,0,10,0,17
GY00-INTERNATIONAL JOINT COMMISSION:  UNITED STATES AND CANADA,4,7,1,0,0,0,1,0,0,0,13,3,0,0,1,0,3,0,0,0,7,0,20
HB00-COMMITTEE FOR PURCHASE FROM PEOPLE WHO ARE BLIND OR SEVERELY DISABLED,21,2,3,0,0,0,0,1,0,0,27,0,0,0,0,0,3,1,0,0,4,0,31
HD00-U.S. HOLOCAUST MEMORIAL MUSEUM,159,15,2,0,0,0,3,0,0,0,179,1,0,0,0,0,0,0,0,0,1,0,180
HE10-OFFICE OF THE SECRETARY OF HEALTH AND HUMAN SERVICES,3114,877,574,60,32,0,45,108,40,0,4850,68,169,70,51,26,6,11183,1,0,11574,0,16424
HE11-PROGRAM SUPPORT CENTER,488,103,3,4,0,0,2,5,0,0,605,5,11,7,0,0,0,7,0,0,30,0,635
HE12-ADMINISTRATION FOR COMMUNITY LIVING,103,34,0,0,0,0,0,2,3,0,142,5,1,0,1,0,1,16,0,0,24,0,166
HE31-OFFICE OF THE ASSISTANT SECRETARY FOR HEALTH,9,8,0,1,0,0,0,1,0,0,19,0,0,0,0,0,0,1,0,0,1,0,20
HE32-SUBSTANCE ABUSE AND MENTAL HEALTH SERVICES ADMINISTRATION,385,118,4,0,0,0,1,11,1,0,520,2,26,1,0,2,1,62,0,0,94,0,614
HE33-AGENCY FOR HEALTHCARE RESEARCH AND QUALITY,198,67,0,0,0,0,3,4,0,0,272,4,2,2,0,0,0,44,0,0,52,0,324
HE34-HEALTH RESOURCES AND SERVICES ADMINISTRATION,1141,442,3,7,1,0,3,28,1,0,1626,3,19,30,1,0,0,196,0,0,249,0,1875
HE35-AGENCY FOR TOXIC SUBSTANCES AND DISEASE REGISTRY,136,2,2,0,0,0,0,0,0,0,140,0,0,0,0,0,0,1,0,0,1,0,141
HE36-FOOD AND DRUG ADMINISTRATION,8855,2421,108,67,12,0,68,52,3,1,11587,173,124,181,1,19,1,3524,0,0,4023,0,15610
HE37-INDIAN HEALTH SERVICE,9384,1370,2472,1,0,0,68,18,1,0,13314,82,266,1,0,1,1,12,0,0,363,2,13679
HE38-NATIONAL INSTITUTES OF HEALTH,11243,1881,74,109,51,0,112,51,0,0,13521,73,50,75,0,16,2,5705,0,0,5921,0,19442
HE39-CENTERS FOR DISEASE CONTROL AND PREVENTION,7052,1161,254,34,34,0,76,31,1,0,8643,122,3,42,0,17,0,1632,0,0,1816,0,10459
HE70-CENTERS FOR MEDICARE & MEDICAID SERVICES,3759,1629,45,24,27,0,18,63,13,1,5579,11,7,3,2,2,0,86,0,1,112,1,5692
HE90-ADMINISTRATION FOR CHILDREN AND FAMILIES,974,271,15,8,5,0,4,10,10,0,1297,2,6,16,8,6,2,6,1,0,47,0,1344
HFHA-FEDERAL HOUSING FINANCE AGENCY,408,105,10,6,1,0,26,0,0,0,556,5,4,9,0,1,0,7,0,0,26,0,582
HFHI-OFFICE OF INSPECTOR GENERAL,64,35,16,0,0,0,2,0,0,0,117,10,5,1,0,0,1,1,0,0,18,0,135
HP00-ADVISORY COUNCIL ON HISTORIC PRESERVATION,0,0,0,0,0,0,32,1,0,0,33,0,0,0,0,0,10,8,0,0,18,0,51
HSAA-DHS HEADQUARTERS,1885,956,137,49,13,0,27,104,27,0,3198,20,69,49,51,13,8,10,8,1,229,0,3427
HSAB-CITIZENSHIP AND IMMIGRATION SERVICES,9117,1634,211,37,12,0,214,48,3,0,11276,33,2,26,4,35,1,129,0,0,230,0,11506
HSAC-U.S. COAST GUARD,6463,1426,98,29,1,0,292,19,0,1,8329,227,10,152,0,2,0,68,1,0,460,0,8789
HSAD-U.S. SECRET SERVICE,5625,182,14,1,0,0,20,52,0,1,5895,1,13,775,0,72,0,5,0,0,866,0,6761
HSAE-OFFICE OF THE INSPECTOR GENERAL,561,93,10,3,0,0,3,13,0,0,683,1,7,33,0,5,0,38,0,0,84,0,767
HSBB-IMMIGRATION AND CUSTOMS ENFORCEMENT,16876,1699,949,41,2,0,355,77,0,0,19999,72,5,19,4,191,1,7,0,0,299,0,20298
HSBC-TRANSPORTATION SECURITY ADMINISTRATION,0,0,0,0,0,0,64477,0,0,0,64477,0,0,0,0,0,0,269,0,0,269,0,64746
HSBD-CUSTOMS AND BORDER PROTECTION,52037,6878,626,79,1,0,356,112,3,0,60092,64,11,106,6,13,0,5,0,0,205,0,60297
HSBE-FEDERAL LAW ENFORCEMENT TRAINING CENTER,881,110,18,3,0,0,20,9,0,0,1041,28,33,1,0,1,0,6,1,0,70,0,1111
HSCA-NATIONAL PROTECTION AND PROGRAMS DIRECTORATE,2050,531,47,2,1,0,128,35,5,0,2799,20,5,20,9,13,1,1,4,0,73,0,2872
HSCB-FEDERAL EMERGENCY MANAGEMENT AGENCY,3349,1060,332,8,9,0,62,54,15,0,4889,111,59,114,10,15,5,11723,0,0,12037,0,16926
HSDA-DOMESTIC NUCLEAR DETECTION OFFICE,80,20,0,0,0,0,0,6,0,0,106,2,0,2,0,0,0,1,0,0,5,0,111
HSFA-SCIENCE AND TECHNOLOGY DIRECTORATE,325,102,0,9,0,0,4,17,0,0,457,2,2,13,1,0,1,13,0,0,32,0,489
HT00-HARRY S. TRUMAN SCHOLARSHIP FOUNDATION,3,1,0,0,0,0,0,0,1,0,5,0,0,0,0,0,0,0,0,0,0,0,5
HU**-UNSPECIFIED,8,5,1,1,0,0,0,0,0,0,15,0,0,0,0,0,0,0,0,0,0,0,15
HU01-OFFICE OF THE SENIOR COORDINATOR FOR NEW ENGLAND,168,26,21,3,0,0,1,0,0,0,219,1,1,1,1,0,0,0,0,0,4,0,223
HU02-OFFICE OF THE SENIOR COORDINATOR FOR NEW YORK/NEW JERSEY,315,37,25,2,1,0,2,0,0,0,382,0,2,0,0,0,0,0,0,0,2,0,384
HU03-OFFICE OF THE SENIOR COORDINATOR FOR MID-ATLANTIC,520,50,24,1,0,0,0,0,0,0,595,0,1,3,1,0,0,0,0,0,5,0,600
HU04-OFFICE OF THE SENIOR COORDINATOR FOR SOUTHEAST/CARIBBEAN,828,79,45,3,0,0,9,0,1,0,965,2,1,3,0,0,0,0,0,0,6,0,971
HU05-OFFICE OF THE SENIOR COORDINATOR FOR MIDWEST,509,61,45,2,1,0,0,1,1,0,620,1,0,2,0,0,0,1,0,0,4,0,624
HU06-OFFICE OF THE SENIOR COORDINATOR FOR SOUTHWEST,473,40,29,0,0,0,7,1,0,0,550,0,1,3,0,0,0,1,0,0,5,0,555
HU07-OFFICE OF THE SENIOR COORDINATOR FOR GREAT PLAINS,154,12,14,1,0,0,3,0,0,0,184,0,0,1,1,0,0,0,0,0,2,0,186
HU08-OFFICE OF THE SENIOR COORDINATOR FOR ROCKY MOUNTAINS,257,56,20,0,0,0,3,0,0,0,336,0,0,2,1,0,0,0,0,0,3,0,339
HU09-OFFICE OF THE SENIOR COORDINATOR FOR PACIFIC/HAWAII,478,75,30,1,0,0,1,0,1,0,586,3,1,4,0,0,0,0,0,0,8,0,594
HU10-OFFICE OF THE SENIOR COORDINATOR FOR NORTHWEST/ALASKA,155,31,12,3,0,0,0,0,0,0,201,0,0,1,1,0,0,0,0,0,2,0,203
HUAA-OFFICE OF THE SECRETARY OF HOUSING AND URBAN DEVELOPMENT,14,1,4,0,0,0,1,0,5,0,25,0,0,1,9,0,2,1,0,0,13,0,38
HUBB-OFFICE OF THE CHIEF HUMAN CAPITAL OFFICER,402,18,5,15,0,0,7,2,0,0,449,8,1,6,4,0,0,1,0,0,20,0,469
HUCC-OFFICE OF GENERAL COUNSEL,144,6,134,5,0,0,3,11,2,0,305,0,10,0,3,0,1,0,0,0,14,0,319
HUDD-ASSISTANT SECRETARY FOR COMMUNITY PLANNING AND DEVELOPMENT,193,37,9,0,0,0,2,5,2,0,248,30,2,5,0,0,0,2,0,0,39,0,287
HUEE-ASSISTANT SECRETARY FOR FAIR HOUSING AND EQUAL OPPORTUNITY,99,7,9,0,0,0,3,3,0,0,121,0,0,0,1,0,1,2,0,0,4,0,125
HUFF-OFFICE OF THE CHIEF FINANCIAL OFFICER,126,20,3,6,1,0,1,4,0,0,161,1,0,10,0,0,0,0,0,0,11,0,172
HUGG-OFFICE OF INSPECTOR GENERAL,539,66,6,1,0,0,1,11,0,0,624,6,0,1,0,0,1,0,0,0,8,0,632
HUII-OFFICE OF DEPARTMENTAL OPERATIONS AND COORDINATION,50,1,1,0,0,0,1,2,0,0,55,0,0,0,0,0,0,0,0,0,0,0,55
HUJJ-ASSISTANT SECRETARY FOR CONGRESSIONAL AND INTERGOVERNMENTAL RELATIONS,8,0,0,0,0,0,0,0,0,0,8,0,0,0,9,0,1,0,0,0,10,0,18
HUKA-CENTER FOR FAITH-BASED AND COMMUNITY INITIATIVES,5,0,0,0,0,0,0,1,0,0,6,0,0,2,0,0,0,0,0,0,2,0,8
HUKK-OFFICE OF FIELD POLICY AND MANAGEMENT,15,2,2,2,0,0,0,3,0,0,24,1,1,0,0,0,0,0,0,0,2,0,26
HULL-OFFICE OF HEALTHY HOMES AND LEAD HAZARD CONTROL,42,5,0,6,0,0,0,1,0,0,54,0,0,4,0,0,0,0,0,0,4,0,58
HUMM-ASSISTANT SECRETARY FOR HOUSING--FEDERAL HOUSING COMMISSIONER,749,164,16,12,8,0,13,13,3,0,978,0,0,9,3,1,0,6,0,0,19,0,997
HUNN-OFFICE OF THE CHIEF PROCUREMENT OFFICER,108,18,0,0,0,0,1,2,0,0,129,1,0,3,0,0,0,0,0,0,4,0,133
HUPP-ASSISTANT SECRETARY FOR PUBLIC AND INDIAN HOUSING,553,75,10,1,0,0,5,8,0,0,652,9,0,1,2,0,1,0,0,0,13,0,665
HUQQ-OFFICE OF THE CHIEF INFORMATION OFFICER,228,15,4,5,0,0,3,5,0,0,260,2,1,7,0,0,0,0,1,0,11,0,271
HURR-ASSISTANT SECRETARY FOR POLICY DEVELOPMENT AND RESEARCH,83,16,1,0,1,0,2,3,2,0,108,0,0,0,2,0,0,0,0,0,2,0,110
HUTT-GOVERNMENT NATIONAL MORTGAGE ASSOCIATION (GINNIE MAE),55,35,0,1,1,0,0,7,0,0,99,0,0,4,0,0,1,1,0,0,6,0,105
HUUU-OFFICE OF DEPARTMENTAL EQUAL EMPLOYMENT OPPORTUNITY,19,0,0,0,0,0,0,0,0,0,19,1,0,1,0,0,0,0,0,0,2,0,21
HUWW-ASSISTANT SECRETARY FOR PUBLIC AFFAIRS,13,1,0,0,0,0,0,1,0,0,15,0,0,0,9,0,0,0,0,0,9,0,24
HUXX-OFFICE OF STRATEGIC PLANNING AND MANAGEMENT,10,0,2,0,0,0,0,1,0,0,13,0,0,0,2,0,0,0,0,0,2,0,15
HUYY-OFFICE OF SUSTAINABLE HOUSING AND COMMUNTIES,5,7,1,0,0,0,0,0,1,0,14,0,0,1,1,0,0,2,0,0,4,0,18
HW00-U.S. INTERAGENCY COUNCIL ON HOMELESSNESS,0,0,0,1,0,0,4,0,0,0,5,0,5,1,0,0,0,13,0,0,19,0,24
IB00-BROADCASTING BOARD OF GOVERNORS,1194,179,12,71,1,0,154,13,2,0,1626,9,0,6,2,0,0,32,2,0,51,0,1677
IF00-INTER-AMERICAN FOUNDATION,27,11,1,0,0,0,1,0,0,0,40,2,0,0,0,0,0,0,0,0,2,0,42
IG00-COUNCIL OF THE INSPECTORS GENERAL ON INTEGRITY AND EFFICIENCY,4,0,0,0,0,0,0,2,0,0,6,0,0,0,0,0,0,0,0,0,0,0,6
IN01-OFFICE OF THE SECRETARY OF THE INTERIOR,2832,343,120,24,1,0,111,68,24,0,3523,44,13,23,39,30,6,5,3,0,163,0,3686
IN05-BUREAU OF LAND MANAGEMENT,7954,1218,20,194,36,0,69,20,2,0,9513,397,847,379,1,160,0,321,0,0,2105,0,11618
IN06-INDIAN AFFAIRS,4270,125,679,2,19,0,10,21,0,0,5126,18,250,13,0,0,0,3590,0,0,3871,0,8997
IN07-BUREAU OF RECLAMATION,4109,888,18,86,4,0,35,13,0,0,5153,147,16,79,1,26,4,0,1,0,274,0,5427
IN08-GEOLOGICAL SURVEY,6361,584,10,266,32,0,19,22,0,0,7294,919,222,278,0,326,1,5,0,0,1751,0,9045
IN10-NATIONAL PARK SERVICE,13234,2606,123,610,65,0,169,26,1,0,16834,6273,451,1763,2,328,4,120,1,0,8942,0,25776
IN15-U.S. FISH AND WILDLIFE SERVICE,7299,1018,60,198,8,0,53,18,1,0,8655,881,135,300,0,79,1,14,1,0,1411,0,10066
IN21-OFFICE OF THE SOLICITOR,82,4,257,0,0,0,0,14,5,0,362,2,69,2,1,0,1,0,0,0,75,0,437
"IN22-OFFICE OF SURFACE MINING, RECLAMATION AND ENFORCEMENT",399,42,2,5,0,0,4,6,1,0,459,3,0,28,0,5,1,0,0,0,37,0,496
IN24-OFFICE OF THE INSPECTOR GENERAL,225,15,7,1,0,0,0,9,0,0,257,7,1,8,0,0,0,0,0,0,16,0,273
IN26-BUREAU OF SAFETY AND ENVIRONMENTAL ENFORCEMENT,500,138,1,4,4,0,4,3,3,0,657,4,0,10,2,2,0,0,0,0,18,0,675
IN27-BUREAU OF OCEAN ENERGY MANAGEMENT,422,101,1,2,4,0,1,7,0,0,538,4,0,5,2,8,0,0,0,0,19,0,557
KS00-CORPORATION FOR NATIONAL AND COMMUNITY SERVICE,18,1,1,0,0,0,551,0,0,0,571,0,0,0,0,0,2,44,0,0,46,0,617
LF00-FEDERAL ELECTION COMMISSION,2,1,0,0,0,0,335,0,0,0,338,0,0,0,0,0,0,16,0,0,16,0,354
LP00-GOVERNMENT PRINTING OFFICE,1709,125,6,1,0,0,14,0,0,0,1855,5,0,0,0,0,0,17,0,0,22,0,1877
LT00-U.S. TAX COURT,1,1,1,0,0,0,101,0,0,0,104,0,15,0,14,0,0,70,0,0,99,0,203
MA00-MARINE MAMMAL COMMISSION,9,2,1,0,0,0,1,0,0,0,13,0,0,0,0,0,3,6,0,0,9,0,22
MC00-FEDERAL MARITIME COMMISSION,79,5,23,0,0,0,1,8,0,0,116,1,0,0,2,0,5,0,0,0,8,0,124
MI00-MILLENNIUM CHALLENGE CORPORATION,156,51,1,0,0,0,1,0,0,0,209,15,1,0,0,2,10,55,0,0,83,0,292
NF00-NATIONAL SCIENCE FOUNDATION,672,89,5,14,10,0,366,78,0,0,1234,3,3,30,0,1,17,169,11,0,234,0,1468
NK00-NATIONAL COUNCIL ON DISABILITY,4,1,4,0,0,0,0,0,0,0,9,0,1,0,0,0,14,5,0,0,20,0,29
NL00-NATIONAL LABOR RELATIONS BOARD,750,116,670,39,3,0,4,50,6,0,1638,4,24,11,0,0,4,0,1,0,44,0,1682
NM00-NATIONAL MEDIATION BOARD,28,8,7,0,0,0,0,1,0,0,44,0,0,0,2,0,0,2,0,0,4,0,48
"NN10-HEADQUARTERS, NASA",1211,100,34,0,1,0,1,126,5,0,1478,3,1,1,8,1,3,27,2,0,46,0,1524
NN21-AMES RESEARCH CENTER,994,162,10,0,17,0,0,23,0,0,1206,10,0,1,0,1,0,0,0,0,12,0,1218
NN22-JOHN GLENN RESEARCH CENTER AT LEWIS FIELD,1415,137,9,15,0,0,3,29,0,0,1608,27,0,0,0,0,0,0,0,0,27,0,1635
NN23-LANGLEY RESEARCH CENTER,1582,102,9,1,24,0,0,31,0,0,1749,151,0,0,0,0,0,0,0,0,151,0,1900
NN24-DRYDEN FLIGHT RESEARCH CENTER,436,67,2,0,10,0,2,12,0,0,529,11,0,0,0,0,0,0,0,0,11,0,540
NN51-GODDARD SPACE FLIGHT CENTER,2649,423,35,3,47,0,2,49,0,0,3208,103,0,22,0,1,0,6,0,0,132,0,3340
NN62-GEORGE C. MARSHALL SPACE FLIGHT CENTER,2086,268,8,20,4,0,4,46,0,0,2436,16,1,0,0,0,0,2,0,0,19,0,2455
NN64-JOHN C. STENNIS SPACE CENTER,227,43,3,0,2,0,0,9,0,0,284,11,1,0,0,0,0,0,0,0,12,0,296
NN72-LYNDON B. JOHNSON SPACE CENTER,2710,301,20,6,46,0,4,59,0,0,3146,12,1,0,0,0,0,8,1,0,22,0,3168
NN76-JOHN F. KENNEDY SPACE CENTER,1743,223,13,3,50,0,0,24,0,0,2056,2,1,2,0,8,0,0,0,0,13,0,2069
NP00-NATIONAL CAPITAL PLANNING COMMISSION,29,5,1,0,0,0,0,2,0,0,37,1,0,0,0,0,3,1,0,0,5,0,42
NQ00-NATIONAL ARCHIVES AND RECORDS ADMINISTRATION,2205,409,14,55,3,0,8,21,0,0,2715,73,1,439,0,92,1,10,0,0,616,0,3331
NS00-NATIONAL SECURITY COUNCIL,0,0,19,0,0,0,0,0,0,0,19,0,47,0,0,0,0,6,0,0,53,0,72
NU00-NUCLEAR REGULATORY COMMISSION,0,0,0,0,0,0,3576,148,1,0,3725,0,0,0,0,0,5,176,0,0,181,0,3906
NV11-IMMEDIATE OFFICE OF THE CHIEF OF NAVAL OPERATIONS,2032,537,491,21,3,0,141,20,0,0,3245,50,1101,114,0,66,0,114,0,0,1445,0,4690
NV12-DEPARTMENT OF THE NAVY/ASSISTANT FOR ADMINISTRATION (DON/AA),1989,461,1898,17,9,0,341,67,3,0,4785,23,28,10,11,5,6,13,1,0,97,0,4882
NV14-OFFICE OF NAVAL RESEARCH,2293,427,55,33,0,0,8,39,0,0,2855,8,10,93,0,11,0,21,0,0,143,0,2998
NV15-NAVAL INTELLIGENCE COMMAND,0,0,0,0,0,0,1618,0,0,0,1618,0,0,0,0,0,0,23,0,0,23,0,1641
NV18-NAVAL MEDICAL COMMAND,8347,2508,25,14,0,0,349,2,0,0,11245,484,122,61,0,2,0,1,0,0,670,0,11915
NV19-NAVAL AIR SYSTEMS COMMAND,20309,3196,146,142,7,0,209,38,0,0,24047,146,6,99,0,5,0,2,0,0,258,0,24305
NV22-BUREAU OF NAVAL PERSONNEL,1352,316,3,2,0,0,68,1,0,0,1742,12,0,3,0,1,0,1,0,0,17,0,1759
NV23-NAVAL SUPPLY SYSTEMS COMMAND,5193,733,88,57,7,0,169,6,0,0,6253,34,26,21,0,4,0,1,0,0,86,0,6339
NV24-NAVAL SEA SYSTEMS COMMAND,21678,3775,156,155,27,0,347,53,0,0,26191,74,10,79,0,36,0,2,0,0,201,0,26392
NV25-NAVAL FACILITIES ENGINEERING COMMAND,13053,2364,94,175,38,0,122,9,0,0,15855,109,25,102,0,43,0,4,0,0,283,0,16138
NV27-U.S. MARINE CORPS,14164,3302,103,50,0,0,760,20,0,0,18399,655,163,23,0,3,0,25,0,0,869,0,19268
NV30-STRATEGIC SYSTEMS PROGRAMS OFFICE,811,190,11,1,0,0,17,9,0,0,1039,5,0,14,0,1,0,1,0,0,21,0,1060
NV33-MILITARY SEALIFT COMMAND,898,193,5677,10,1,0,58,6,0,0,6843,17,25,14,0,1,0,0,0,0,57,0,6900
NV39-SPACE AND NAVAL WARFARE SYSTEMS COMMAND,6859,1708,108,64,5,0,131,17,0,0,8892,65,5,57,0,6,0,1,0,0,134,0,9026
NV41-NAVY SYSTEMS MANAGEMENT ACTIVITY,1,0,0,0,0,0,1,0,0,0,2,0,0,0,0,0,0,0,0,0,0,0,2
"NV52-COMMANDER, NAVY INSTALLATIONS",10768,2572,55,22,1,0,856,6,0,0,14280,161,349,11,0,7,0,5,0,0,533,0,14813
"NV60-U.S. ATLANTIC FLEET, COMMANDER IN CHIEF",15709,4425,110,925,24,0,1283,14,0,0,22490,29,32,24,0,30,0,6,0,0,121,0,22611
"NV70-U.S. PACIFIC FLEET, COMMANDER IN CHIEF",14535,2397,27,740,567,0,414,7,0,0,18687,74,6,26,0,3,0,2,0,0,111,0,18798
NV72-NAVAL RESERVE FORCE,329,59,2,0,0,0,73,0,0,0,463,0,0,1,0,0,0,1,0,0,2,0,465
NV74-NAVAL SPECIAL WARFARE COMMAND,855,187,3,0,0,0,66,0,0,0,1111,39,1,1,0,0,0,6,0,0,47,0,1158
NV76-NAVAL EDUCATION AND TRAINING COMMAND,2234,1965,48,9,2,0,197,0,0,0,4455,42,1,7,0,3,0,0,0,0,53,0,4508
OM00-OFFICE OF PERSONNEL MANAGEMENT,4057,973,468,45,4,0,40,56,11,0,5654,76,4,25,17,10,2,14,2,1,151,0,5805
OS00-OCCUPATIONAL SAFETY AND HEALTH REVIEW COMMISSION,29,3,18,0,0,0,1,2,1,0,54,0,0,0,2,0,1,1,0,0,4,0,58
PU00-PEACE CORPS,0,0,0,0,0,0,3,0,0,0,3,0,0,0,0,0,1,890,0,0,891,0,894
QQ00-OFFICE OF NATIONAL DRUG CONTROL POLICY,48,6,9,0,0,0,1,9,2,0,75,0,3,0,5,0,3,2,0,0,13,0,88
RE00-OFFICE OF NAVAJO AND HOPI INDIAN RELOCATION,34,2,1,0,0,0,0,1,0,0,38,0,0,1,0,0,0,0,0,0,1,0,39
RF00-FEDERAL RETIREMENT THRIFT INVESTMENT BOARD,72,17,3,0,0,0,8,6,0,0,106,0,0,0,0,0,2,3,0,0,5,0,111
RH00-ARMED FORCES RETIREMENT HOME,209,67,1,0,0,0,4,0,0,0,281,1,0,0,0,0,0,2,0,0,3,0,284
RO00-MEDICAID AND CHIP PAYMENT AND ACCESS COMMISSION,0,0,0,0,0,0,16,0,0,0,16,0,0,0,0,0,0,20,0,0,20,0,36
RR00-RAILROAD RETIREMENT BOARD,807,118,0,0,0,0,2,9,0,0,936,4,0,0,0,0,3,1,0,0,8,0,944
RS00-FEDERAL MINE SAFETY AND HEALTH REVIEW COMMISSION,27,5,8,0,0,0,0,1,0,0,41,5,24,0,4,0,3,0,1,0,37,0,78
RZ00-RECOVERY ACT ACCOUNTABILITY & TRANSPARENCY BOARD,0,0,0,0,0,0,5,0,0,0,5,0,0,1,0,0,0,37,0,0,38,0,43
SB00-SMALL BUSINESS ADMINISTRATION,2047,380,212,9,3,0,12,42,11,0,2716,1994,70,38,36,3,4,53,0,0,2198,0,4914
SE00-SECURITIES AND EXCHANGE COMMISSION,1801,284,1653,2,0,0,8,0,0,0,3748,11,90,28,18,6,5,1,0,0,159,0,3907
SK00-CONSUMER PRODUCT SAFETY COMMISSION,382,69,33,1,0,0,0,12,1,0,498,0,2,12,13,0,4,1,0,0,32,0,530
SM01-NATIONAL GALLERY OF ART,651,148,8,0,0,0,17,0,0,0,824,2,0,2,0,1,0,0,0,0,5,0,829
SM02-WOODROW WILSON INTERNATIONAL CENTER FOR SCHOLARS,28,7,0,0,0,0,0,0,0,0,35,0,6,0,0,0,0,0,0,0,6,0,41
SM03-SMITHSONIAN INSTITUTION (EXCEPT UNITS ADMINISTERED UNDER SEPARATE BOARDS OF TRUSTEES),3294,468,41,4,0,0,58,0,0,0,3865,51,4,10,0,0,0,1,0,0,66,0,3931
SM04-JOHN F. KENNEDY CENTER FOR THE PERFORMING ARTS,37,12,0,0,0,0,0,0,0,0,49,0,0,0,0,0,0,0,0,0,0,0,49
SS00-SELECTIVE SERVICE SYSTEM,88,23,1,0,0,0,1,1,1,0,115,0,51,1,0,0,1,2,0,0,55,0,170
ST00-DEPARTMENT OF STATE,7108,1959,220,138,84,0,201,146,36,3,9895,1247,383,339,103,147,33,670,7,0,2929,0,12824
SZ00-SOCIAL SECURITY ADMINISTRATION,53785,5976,2921,20,0,0,730,137,3,0,63572,1123,367,1,2,0,3,43,2,0,1541,0,65113
TB00-NATIONAL TRANSPORTATION SAFETY BOARD,337,33,9,4,1,0,2,15,1,0,402,7,0,4,0,0,5,3,0,0,19,0,421
TC00-U.S. INTERNATIONAL TRADE COMMISSION,205,47,61,6,0,0,0,9,0,0,328,11,9,22,17,0,6,0,1,0,66,0,394
TD01-OFFICE OF THE SECRETARY OF TRANSPORTATION,456,111,61,6,6,0,14,31,11,0,696,14,9,19,26,16,7,4,2,0,97,0,793
TD03-FEDERAL AVIATION ADMINISTRATION,0,0,0,0,0,0,46861,0,0,0,46861,0,0,0,2,0,1,766,0,0,769,0,47630
TD04-FEDERAL HIGHWAY ADMINISTRATION,2341,351,61,55,1,0,6,48,3,0,2866,11,0,34,1,3,1,1,0,0,51,0,2917
TD05-FEDERAL RAILROAD ADMINISTRATION,649,153,39,4,2,0,4,12,2,0,865,2,0,2,2,1,1,0,1,0,9,0,874
TD06-SAINT LAWRENCE SEAWAY DEVELOPMENT CORPORATION,99,22,3,1,0,0,0,2,0,0,127,0,0,0,0,0,0,0,2,0,2,0,129
TD09-FEDERAL TRANSIT ADMINISTRATION,389,69,43,5,0,0,1,18,2,0,527,14,4,5,1,1,1,0,0,0,26,0,553
TD10-NATIONAL HIGHWAY TRAFFIC SAFETY ADMINISTRATION,480,45,25,0,0,0,1,22,2,0,575,1,3,12,2,0,1,0,0,0,19,0,594
TD11-RESEARCH AND INNOVATIVE TECHNONOGY ADMINSTRATION,546,72,10,12,2,0,3,10,2,0,657,19,3,5,1,3,0,0,0,0,31,0,688
TD12-OFFICE OF INSPECTOR GENERAL,334,49,10,0,2,0,0,13,0,0,408,9,1,0,0,7,1,8,0,0,26,0,434
TD13-MARITIME ADMINISTRATION,520,84,95,8,0,0,10,12,2,0,731,8,89,1,1,1,1,10,0,0,111,0,842
TD15-SURFACE TRANSPORTATION BOARD,72,11,38,3,0,0,5,6,0,0,135,2,1,0,0,0,3,3,0,0,9,0,144
TD16-PIPELINE AND HAZARDOUS MATERIALS SAFETY ADMINISTRATION,315,64,36,10,2,0,4,9,2,0,442,2,0,0,1,1,1,0,0,0,5,0,447
TD17-FEDERAL MOTOR CARRIER SAFETY ADMINISTRATION,907,126,36,0,0,0,5,15,2,0,1091,1,1,0,1,0,2,5,0,0,10,0,1101
TN00-OFFICE OF THE U.S. TRADE REPRESENTATIVE,130,13,25,0,0,0,1,19,4,0,192,0,1,0,7,0,5,35,0,0,48,0,240
TR36-SPECIAL INSPECTOR GENERAL FOR THE TROUBLED ASSETS RELIEF PROGRAM (TARP),66,44,10,0,1,0,1,8,0,0,130,24,1,0,0,0,1,1,1,0,28,0,158
TR40-ALCOHOL AND TOBACCO TAX AND TRADE BUREAU,421,30,19,0,0,0,0,5,0,0,475,2,0,0,0,0,0,0,0,0,2,0,477
TR91-DEPARTMENTAL OFFICES,996,319,169,8,13,0,10,81,28,0,1624,115,91,13,45,8,23,8,6,0,309,0,1933
TR93-INTERNAL REVENUE SERVICE,76380,10353,1919,58,4,0,154,280,0,0,89148,584,38,150,0,3,2,31,0,0,808,0,89956
TR95-OFFICE OF INSPECTOR GENERAL,103,50,2,1,0,0,1,7,0,0,164,7,0,1,0,0,1,0,1,0,10,0,174
TRAA-FINANCIAL MANAGEMENT SERVICE,1345,84,19,25,0,0,11,19,0,0,1503,24,3,28,0,5,0,0,0,0,60,0,1563
TRAB-BUREAU OF THE PUBLIC DEBT,1724,156,22,41,3,0,8,15,0,0,1969,3,0,14,0,4,0,0,1,0,22,0,1991
TRAD-U.S. MINT,1482,211,19,2,0,0,5,9,0,0,1728,30,1,2,0,0,0,0,0,0,33,0,1761
TRAF-FINANCIAL CRIMES ENFORCEMENT NETWORK,247,13,12,1,0,0,1,8,0,0,282,22,1,0,0,0,0,0,0,0,23,0,305
TRAI-BUREAU OF ENGRAVING AND PRINTING,1621,174,16,12,0,0,12,9,0,0,1844,40,2,7,0,2,0,1,0,0,52,0,1896
TRAJ-OFFICE OF THE COMPTROLLER OF THE CURRENCY,932,123,408,2195,0,0,11,0,0,0,3669,25,15,83,0,13,1,2,0,0,139,0,3808
TRTG-OFFICE OF THE INSPECTOR GENERAL FOR TAX ADMINISTRATION,709,49,13,2,0,0,3,15,0,0,791,4,0,0,0,0,1,0,0,0,5,0,796
TS00-OFFICE OF SCIENCE AND TECHNOLOGY POLICY,9,0,1,0,0,0,0,1,2,0,13,0,6,0,5,0,2,1,0,0,14,0,27
UJ00-JAPAN-UNITED STATES FRIENDSHIP COMMISSION,3,0,0,0,0,0,0,1,0,0,4,0,0,0,0,0,0,8,0,0,8,0,12
UT00-UTAH RECLAMATION MITIGATION AND CONSERVATION COMMISSION,0,0,1,0,0,0,9,0,0,0,10,0,0,0,0,0,4,1,0,0,5,0,15
VAAA-OFFICE OF THE SECRETARY,295,69,17,4,1,0,17,10,6,0,419,16,2,10,8,1,1,5,1,0,44,2,465
VAAD-BOARD OF VETERANS APPEALS,69,24,341,1,0,26,32,3,0,0,496,11,9,8,0,1,0,2,0,0,31,0,527
VAAE-GENERAL COUNSEL,217,23,381,0,0,0,53,27,0,0,701,1,12,0,0,0,1,0,0,0,14,3,718
VAAF-INSPECTOR GENERAL,540,76,3,1,0,0,6,14,0,0,640,0,0,5,0,1,1,0,0,0,7,0,647
VABA-IMMEDIATE OFFICE OF THE ASSISTANT SECRETARY FOR HUMAN RESOURCES AND ADMINISTRATION,7,0,0,0,0,0,0,1,0,0,8,2,0,5,0,3,1,0,0,0,11,0,19
VABC-ASSISTANT SECRETARY FOR HUMAN RESOURCES MANAGEMENT,164,24,5,5,0,0,6,3,0,0,207,8,0,7,0,0,0,1,0,0,16,0,223
VABD-ASSISTANT SECRETARY FOR DIVERSITY & INCLUSION,14,5,1,1,0,0,0,1,0,0,22,1,3,0,0,0,0,0,0,0,4,0,26
VABE-DEPUTY ASSISTANT SECRETARY FOR ADMINISTRATION,75,6,4,0,0,0,4,2,0,0,91,8,0,1,0,0,0,0,0,0,9,0,100
VABF-DEPUTY ASSISTANT SECRETARY FOR OFFICE OF RESOLUTION MANAGEMENT,200,23,1,1,1,0,5,1,0,0,232,2,0,0,0,0,0,0,0,0,2,0,234
VABG-DEPUTY ASSISTANT SECRETARY FOR CORPORATE SENIOR EXECUTIVE MANAGEMENT,22,2,0,0,0,0,0,1,0,0,25,3,0,0,0,0,0,0,0,0,3,0,28
VABH-DEPUTY ASSISTANT SECRETARY FOR LABOR MANAGEMENT RELATIONS,8,0,1,0,0,0,0,1,0,0,10,2,0,0,0,0,0,0,0,0,2,0,12
VABI-DEAN FOR VA LEARNING UNIVERSITY,42,13,1,0,0,0,2,1,0,0,59,4,0,0,0,0,0,1,0,0,5,0,64
VABJ-VETERAN EMPLOYMENT SERVICES OFFICE,12,15,2,0,0,0,10,0,0,0,39,3,0,0,0,0,0,0,0,0,3,0,42
VADA-IMMEDIATE OFFICE OF THE ASSISTANT SECRETARY FOR MANAGEMENT,46,15,3,1,1,0,1,5,0,0,72,3,0,0,0,0,0,2,0,0,5,0,77
VADC-DEPUTY ASSISTANT SECRETARY FOR BUDGET,17,3,0,0,0,0,1,3,0,0,24,0,0,0,0,0,0,0,0,0,0,0,24
VADD-DEPUTY ASSISTANT SECRETARY FOR FINANCE,449,121,7,4,0,0,33,8,0,0,622,12,0,7,0,1,0,1,0,0,21,0,643
VADG-DEPUTY ASSISTANT SECRETARY FOR ACQUISITION AND MATERIEL MANAGEMENT,690,175,1,10,0,0,47,9,0,0,932,7,0,1,0,0,0,2,0,0,10,1,943
VAEA-IMMEDIATE OFFICE OF THE ASSISTANT SECRETARY FOR INFORMATION AND TECHNOLOGY,65,8,2,0,0,0,3,1,0,0,79,0,0,0,0,0,1,0,0,0,1,0,80
VAEB-DEPUTY ASSISTANT SECRETARY FOR INFORMATION AND TECHNOLOGY,6166,1218,24,10,0,0,311,21,0,0,7750,29,8,13,0,1,0,7,1,0,59,1,7810
"VAGA-IMMEDIATE OFFICE OF THE ASSISTANT SECRETARY FOR OPERATIONS, SECURITY, AND PREPAREDNESS",5,0,0,0,0,0,2,0,0,0,7,0,0,0,0,0,1,0,0,0,1,0,8
VAGB-DEPUTY ASSISTANT SECRETARY FOR SECURITY AND LAW ENFORCEMENT,68,14,0,0,0,0,4,1,0,0,87,11,0,0,0,0,0,0,0,0,11,0,98
VAGC-DEPUTY ASSISTANT SECRETARY FOR EMERGENCY MANAGEMENT,27,15,1,0,0,0,5,2,0,0,50,3,0,0,0,0,0,0,0,0,3,0,53
VAHA-IMMEDIATE OFFICE OF THE ASSISTANT SECRETARY FOR POLICY AND PLANNING,17,17,1,4,0,0,4,3,0,0,46,1,0,1,0,0,1,0,1,0,4,0,50
VAHB-DEPUTY ASSISTANT SECRETARY FOR PROGRAM AND DATA ANALYSIS,25,8,0,0,0,0,1,3,0,0,37,2,0,0,0,0,0,0,0,0,2,0,39
VAHC-DEPUTY ASSISTANT SECRETARY FOR PLANNING AND EVALUATION,9,2,0,0,0,0,0,0,0,0,11,0,0,0,0,0,0,0,0,0,0,0,11
VAHD-NATIONAL CENTER FOR VETERAN ANALYSIS AND STATISTICS,4,1,0,0,0,0,0,0,0,0,5,0,0,0,0,0,0,0,0,0,0,0,5
VAJA-OFFICE OF THE ASSISTANT SECRETARY FOR PUBLIC AND INTERGOVERNMENTAL AFFAIRS,10,5,0,1,0,0,5,2,0,0,23,2,0,0,0,0,1,1,0,0,4,0,27
VAJB-DEPUTY ASSISTANCE SECRETARY FOR INTERGOVERNMENTAL AFFAIRS,11,4,0,0,0,0,0,1,1,0,17,1,1,1,0,0,0,0,0,0,3,0,20
VAJC-DEPUTY ASSISTANT SECRETARY FOR PUBLIC AFFAIRS,31,8,0,1,0,0,2,0,1,0,43,1,0,1,1,0,0,0,0,0,3,0,46
VAKA-IMMEDIATE OFFICE OF THE ASSISTANT SECRETARY FOR CONGRESSIONAL AND LEGISLATIVE AFFAIRS,0,0,0,0,0,0,0,0,0,0,0,0,0,0,1,0,0,0,0,0,1,0,1
VAKB-DEPUTY ASSISTANT SECRETARY FOR CONGRESSIONAL AFFAIRS,27,9,1,0,0,0,4,1,0,0,42,1,0,0,1,0,1,0,0,0,3,0,45
VALA-VETERANS BENEFITS ADMINISTRATION,14308,4751,89,30,4,0,1269,64,0,0,20515,213,0,7,0,1,1,2,0,0,224,0,20739
VAPA-NATIONAL CEMETERY ADMINISTRATION,1159,278,12,1,0,0,129,10,0,0,1589,99,5,11,0,2,1,10,0,0,128,0,1717
VATA-VETERANS HEALTH ADMINISTRATION,82677,20208,1658,325,68,0,163664,166,1,0,268767,2379,886,2355,1,326,1,14239,1,0,20188,2,288957
ZL00-MEDICARE PAYMENT ADVISORY COMMISSION,0,0,0,0,0,0,34,0,0,0,34,0,0,0,0,0,0,17,0,0,17,0,51
ZP00-U.S. COMMISSION ON INTERNATIONAL RELIGIOUS FREEDOM,0,0,0,0,0,0,0,0,0,0,0,0,0,0,0,0,0,13,0,0,13,0,13
ZS00-UNITED STATES-CHINA ECONOMIC AND SECURITY REVIEW COMMISSION,0,0,0,0,0,0,0,0,0,0,0,0,0,0,0,0,0,27,0,0,27,0,27
ZU00-DWIGHT D. EISENHOWER MEMORIAL COMMISSION,0,0,0,0,0,0,2,0,0,0,2,0,0,0,0,0,0,8,0,0,8,0,10
