Department,Agency,10-Competitive Service - Career,15-Competitive Service - Career-Conditional,30-Excepted Service - Schedule A,32-Excepted Service - Schedule B,36-Excepted Service - Executive,38-Excepted Service - Other,50-Senior Executive Service - Career,55-Senior Executive Service - Non-Career,**-Unspecified,Permanent,20-Competitive Service,40-Excepted Service - Schedule A,42-Excepted Service - Schedule B,44-Excepted Service - Schedule C,46-Excepted Service - Executive,48-Excepted Service - Other,60-Senior Executive Service - Limited Term,65-Senior Executive Service - Limited Emergency,Non-permanent,Unspecified,Type of Appointment - All
AF-DEPARTMENT OF THE AIR FORCE,AF**-UNSPECIFIED,28,7,0,0,0,6,1,0,0,42,5,0,0,0,0,0,0,0,5,0,47
AF-DEPARTMENT OF THE AIR FORCE,AF02-AIR FORCE INSPECTION AND SAFETY CENTER,13,2,0,0,0,0,0,0,0,15,0,0,2,0,0,0,0,0,2,0,17
AF-DEPARTMENT OF THE AIR FORCE,AF03-AF OPERATIONAL TEST AND EVAL CTR,163,15,1,1,0,5,1,0,0,186,5,0,14,0,0,0,0,0,19,0,205
AF-DEPARTMENT OF THE AIR FORCE,AF04-AIR FORCE COMMUNICATIONS AGENCY,251,11,2,0,0,1,0,0,0,265,17,1,5,0,0,0,0,0,23,0,288
AF-DEPARTMENT OF THE AIR FORCE,AF05-AIR FORCE INTELLIGENCE SERVICE,0,0,0,0,0,28,0,0,0,28,0,0,0,0,0,3,0,0,3,0,31
AF-DEPARTMENT OF THE AIR FORCE,AF06-AIR FORCE AUDIT AGENCY,630,100,0,54,0,2,4,0,0,790,30,1,1,0,0,0,0,0,32,0,822
AF-DEPARTMENT OF THE AIR FORCE,AF07-AF OFC OF SPECIAL INVESTIGATIONS,116,17,296,0,0,66,1,0,0,496,2,1,0,0,0,0,0,0,3,0,499
AF-DEPARTMENT OF THE AIR FORCE,AF08-AIR FORCE OFFICE OF SECURITY POLICE,12,0,0,0,0,0,0,0,0,12,0,0,0,0,0,0,0,0,0,0,12
AF-DEPARTMENT OF THE AIR FORCE,AF09-AIR FORCE PERSONNEL CENTER,1173,672,34,221,0,29,2,0,0,2131,27,2,14,0,0,0,0,0,43,0,2174
AF-DEPARTMENT OF THE AIR FORCE,AF0B-U.S. AIR FORCE ACADEMY,890,224,5,0,0,28,0,0,0,1147,22,194,23,0,0,0,0,0,239,0,1386
AF-DEPARTMENT OF THE AIR FORCE,"AF0D-U.S. AIR FORCES, EUROPE",1016,133,8,4,0,34,0,0,0,1195,64,833,1,0,0,45,0,0,943,0,2138
AF-DEPARTMENT OF THE AIR FORCE,AF0I-AIR RESERVE PERSONNEL CENTER,2,0,0,0,0,0,0,0,0,2,0,0,0,0,0,0,0,0,0,0,2
AF-DEPARTMENT OF THE AIR FORCE,AF0J-AIR EDUCATION AND TRAINING COMMAND,11024,1755,89,74,0,573,0,0,0,13515,563,115,308,0,0,3,0,0,989,0,14504
AF-DEPARTMENT OF THE AIR FORCE,"AF0M-HEADQUARTERS, AIR FORCE RESERVE",9677,2033,7,5,0,507,5,0,0,12234,87,80,364,0,0,2,0,0,533,0,12767
AF-DEPARTMENT OF THE AIR FORCE,"AF0N-IMMEDIATE OFFICE, HEADQUARTERS, USAF",597,58,32,20,0,27,48,7,0,789,15,2,11,3,7,1,0,0,39,0,828
AF-DEPARTMENT OF THE AIR FORCE,AF0R-PACIFIC AIR FORCES,2535,426,10,10,0,97,0,0,0,3078,223,333,38,0,0,4,0,0,598,0,3676
AF-DEPARTMENT OF THE AIR FORCE,AF0U-HQ AIR INTELLIGENCE AGENCY,1,0,0,6,0,1950,0,0,0,1957,1,1,0,0,0,47,0,0,49,0,2006
AF-DEPARTMENT OF THE AIR FORCE,AF10-AF CTR FOR QUALITY AND MGMT INNOVATION,68,6,0,0,0,4,0,0,0,78,5,0,0,0,0,0,0,0,5,0,83
AF-DEPARTMENT OF THE AIR FORCE,AF1C-AIR COMBAT COMMAND,7174,1337,28,27,0,440,1,0,0,9007,388,191,68,0,0,5,0,0,652,1,9660
AF-DEPARTMENT OF THE AIR FORCE,AF1G-AIR FORCE LOGISTICS MANAGEMENT AGENCY,17,1,0,0,0,0,0,0,0,18,3,0,1,0,0,0,0,0,4,0,22
AF-DEPARTMENT OF THE AIR FORCE,AF1L-AIR MOBILITY COMMAND,6199,1105,20,13,0,199,2,0,0,7538,270,279,91,0,0,8,0,0,648,0,8186
AF-DEPARTMENT OF THE AIR FORCE,AF1M-AIR FORCE MATERIEL COMMAND,45576,7137,391,698,0,892,64,1,0,54759,745,113,513,0,0,39,0,0,1410,0,56169
AF-DEPARTMENT OF THE AIR FORCE,AF1P-AIR FORCE REAL PROPERTY AGENCY,1,0,0,0,0,0,0,0,0,1,0,0,0,0,0,0,0,0,0,0,1
AF-DEPARTMENT OF THE AIR FORCE,AF1Q-HQ AF FLIGHT STANDARDS AGENCY,26,6,0,0,0,1,0,0,0,33,7,0,0,0,0,0,0,0,7,0,40
AF-DEPARTMENT OF THE AIR FORCE,AF1S-SPACE COMMAND,4916,939,42,32,0,182,4,0,0,6115,164,56,104,0,0,4,0,0,328,0,6443
AF-DEPARTMENT OF THE AIR FORCE,AF1W-AF ENGINEERING AND SERVICES CTR,97,5,1,0,0,1,0,0,0,104,9,0,1,0,0,0,0,0,10,0,114
AF-DEPARTMENT OF THE AIR FORCE,AF27-AF AGENCY FOR MODELING AND SIMULATION,13,1,0,0,0,0,0,0,0,14,1,0,0,0,0,0,0,0,1,0,15
AF-DEPARTMENT OF THE AIR FORCE,AF29-AF NAT SECURITY EMERGENCY PREPAREDNESS,4,0,0,0,0,0,0,0,0,4,0,0,0,0,0,0,0,0,0,0,4
AF-DEPARTMENT OF THE AIR FORCE,AF2A-AIR FORCE COST CENTER,29,4,0,1,0,0,0,0,0,34,0,0,0,0,0,0,0,0,0,0,34
AF-DEPARTMENT OF THE AIR FORCE,AF2B-AIR FORCE DOCTRINE CENTER,11,6,0,0,0,0,0,0,0,17,0,0,0,0,0,0,0,0,0,0,17
AF-DEPARTMENT OF THE AIR FORCE,AF2D-AIR FORCE PERSONNNEL OPERATIONS AGENCY,3,0,0,0,0,0,0,0,0,3,1,0,0,0,0,0,0,0,1,0,4
AF-DEPARTMENT OF THE AIR FORCE,AF2E-AIR FORCE LEGAL SERVICES CENTER,46,5,30,0,0,3,0,0,0,84,6,7,8,0,0,1,0,0,22,0,106
AF-DEPARTMENT OF THE AIR FORCE,AF2F-AIR FORCE MEDICAL SERVICES CENTER,30,3,0,0,0,0,0,0,0,33,1,0,1,0,0,0,0,0,2,0,35
AF-DEPARTMENT OF THE AIR FORCE,AF2G-AF SERVICE INFORMATION AND NEWS CENTER,55,10,0,0,0,0,0,0,0,65,1,0,0,0,0,0,0,0,1,0,66
AF-DEPARTMENT OF THE AIR FORCE,AF2H-AIR FORCE COMBAT OPERATIONS STAFF,1,0,0,0,0,0,0,0,0,1,0,0,0,0,0,0,0,0,0,0,1
AF-DEPARTMENT OF THE AIR FORCE,AF2I-AIR NATIONAL GUARD SUPPORT CENTER,366,41,7,0,0,3,1,0,0,418,5,1,12,0,0,1,0,0,19,0,437
AF-DEPARTMENT OF THE AIR FORCE,AF2K-USAF HISTORICAL RESEARCH CTR,28,4,0,0,0,0,0,0,0,32,17,1,0,0,0,0,0,0,18,0,50
AF-DEPARTMENT OF THE AIR FORCE,AF2M-AIR FORCE REVIEW BOARDS OFFICE,31,4,1,0,0,0,1,0,0,37,5,0,4,0,0,0,0,0,9,0,46
AF-DEPARTMENT OF THE AIR FORCE,AF2N-AF CTR FOR STUDIES AND ANALYSES,19,5,0,0,0,0,1,0,0,25,1,0,0,0,0,0,0,0,1,0,26
AF-DEPARTMENT OF THE AIR FORCE,AF2Q-AIR WEATHER SERVICE,131,21,0,3,0,13,0,0,0,168,24,0,3,0,0,0,0,0,27,0,195
AF-DEPARTMENT OF THE AIR FORCE,AF2R-AIR FORCE PROGRAM EXECUTIVE OFFICE,8,0,0,0,0,0,1,0,0,9,0,0,0,0,0,0,0,0,0,0,9
AF-DEPARTMENT OF THE AIR FORCE,AF2S-HQ NORAD,17,0,0,0,0,13,0,0,0,30,0,1,0,0,0,0,0,0,1,0,31
AF-DEPARTMENT OF THE AIR FORCE,AF2T-AIR FORCE SUPPLY CENTER,46,1,0,0,0,0,0,0,0,47,0,0,0,0,0,0,0,0,0,0,47
AF-DEPARTMENT OF THE AIR FORCE,"AF2U-AIR FORCE MORALE, WELFARE & REC CENTER",144,11,6,0,0,1,0,0,0,162,2,0,7,0,0,0,0,0,9,0,171
AF-DEPARTMENT OF THE AIR FORCE,AF2V-AIR FORCE DISPOSAL AGENCY,177,4,8,1,0,2,1,0,0,193,0,0,2,0,0,0,0,0,2,0,195
AF-DEPARTMENT OF THE AIR FORCE,AF2W-11TH WING,834,143,5,8,0,90,2,0,0,1082,85,29,34,0,0,17,0,0,165,0,1247
AF-DEPARTMENT OF THE AIR FORCE,AF2Y-AIR FORCE PENTAGON COMMUNICATIONS AGENCY,193,17,1,1,0,1,0,0,0,213,0,0,1,0,0,0,0,0,1,0,214
AF-DEPARTMENT OF THE AIR FORCE,AF2Z-HQ AIR FORCE MEDICAL OPERATIONS AGENCY,40,6,0,0,0,0,0,0,0,46,1,0,0,0,0,0,0,0,1,0,47
AF-DEPARTMENT OF THE AIR FORCE,AF34-AIR NAT GUARD UNITS (MOBIL) (TITLE 5),634,112,1,2,0,28,0,0,0,777,13,7,3,0,0,1,0,0,24,0,801
AF-DEPARTMENT OF THE AIR FORCE,"AF3C-AIR FORCE ELEMENTS, U.S. CENTRAL COMMAND",49,12,1,0,0,103,1,0,0,166,5,22,0,0,0,0,0,1,28,0,194
AF-DEPARTMENT OF THE AIR FORCE,"AF3D-AIR FORCE ELEMENTS, U.S. SPEC OPER CMD",253,41,1,3,0,81,0,0,0,379,22,8,3,0,0,0,0,0,33,0,412
AF-DEPARTMENT OF THE AIR FORCE,"AF3G-AIR FORCE ELEMENTS, EUROPE",2,0,0,0,0,0,0,0,0,2,0,0,0,0,0,0,0,0,0,0,2
AF-DEPARTMENT OF THE AIR FORCE,AF3L-CENTER FOR AIR FORCE HISTORY,17,0,0,0,0,0,0,0,0,17,5,0,1,0,0,0,0,0,6,0,23
AF-DEPARTMENT OF THE AIR FORCE,"AF3N-AIR FORCE ELEMENTS, U.S. ATLANTIC CMD",18,6,2,0,0,65,0,0,0,91,0,0,0,0,0,15,0,0,15,0,106
AF-DEPARTMENT OF THE AIR FORCE,"AF3Q-AIR FORCE ELEMENTS, U.S. STRATEGIC CMD",229,68,3,7,0,247,3,0,0,557,2,0,1,0,0,2,0,0,5,0,562
AF-DEPARTMENT OF THE AIR FORCE,"AF3S-HDQTRS, U.S. SPACE COMMAND AND NORAD",58,33,1,1,0,55,0,0,0,148,2,3,0,0,0,0,0,0,5,0,153
AF-DEPARTMENT OF THE AIR FORCE,"AF3T-AIR FORCE ELEMENTS, U.S. TRANSPORTN CMD",229,18,5,0,0,51,3,0,0,306,4,0,2,0,0,0,0,0,6,0,312
AF-DEPARTMENT OF THE AIR FORCE,"AF3V-AIR FORCE ELEMENTS, OTHER THAN EUROPE",227,44,4,2,0,325,2,0,0,604,15,4,4,0,0,2,0,0,25,0,629
AF-DEPARTMENT OF THE AIR FORCE,AF3W-AIR FORCE CTR FOR ENVIRONMNTL EXCELLENCE,313,3,5,0,0,1,0,0,0,322,33,1,1,0,0,0,0,0,35,0,357
AF-DEPARTMENT OF THE AIR FORCE,AF3Y-AIR FORCE FREQUENCY MANAGEMENT AGENCY,13,7,0,0,0,0,0,0,0,20,1,0,0,0,0,0,0,0,1,0,21
AF-DEPARTMENT OF THE AIR FORCE,AFNG-AIR NATIONAL GUARD UNITS (TITLE 32),231,5,0,0,0,18106,0,0,0,18342,11,54,0,0,0,1698,0,0,1763,0,20105
AF-DEPARTMENT OF THE AIR FORCE,"AFZG-U.S. SPEC OPERATIONS CMD (ANG, TITLE 32)",1,0,0,0,0,140,0,0,0,141,0,0,0,0,0,16,0,0,16,0,157
AF-DEPARTMENT OF THE AIR FORCE,AFZS-U.S. SPEC. OPERATIONS COMMAND (AIR FORCE,431,137,9,1,0,51,0,0,0,629,52,22,24,0,0,0,0,0,98,0,727
AR-DEPARTMENT OF THE ARMY,AR**-UNSPECIFIED,1,1,0,0,0,0,0,0,0,2,0,0,0,0,0,0,0,0,0,0,2
AR-DEPARTMENT OF THE ARMY,ARAE-U.S. ARMY ACQUISITION SUPPORT CENTER,3070,199,17,54,0,27,10,0,0,3377,34,14,50,0,0,2,0,0,100,0,3477
AR-DEPARTMENT OF THE ARMY,ARAS-US ARMY INTELLIGENCE AND SECURITY CMD,3,1,5,0,0,1909,0,0,0,1918,0,1,0,0,0,24,0,0,25,0,1943
AR-DEPARTMENT OF THE ARMY,ARAT-U.S. ARMY TEST AND EVALUATION COMMAND,3995,581,14,219,0,114,5,0,0,4928,107,2,27,0,0,7,0,0,143,0,5071
AR-DEPARTMENT OF THE ARMY,ARAU-U.S. ARMY AUDIT AGENCY,485,89,0,51,0,0,4,0,0,629,0,2,3,0,0,1,0,0,6,0,635
AR-DEPARTMENT OF THE ARMY,ARBA-U.S. ARMY INSTALLATION MANAGEMENT AGENCY,815,85,1,0,0,27,7,0,0,935,14,22,0,0,0,24,1,0,61,0,996
AR-DEPARTMENT OF THE ARMY,ARCB-U.S. ARMY CRIMINAL INVESTIGATION COMMAND,360,68,1,3,0,10,0,0,0,442,7,4,3,0,0,1,0,0,15,0,457
AR-DEPARTMENT OF THE ARMY,ARCE-US ARMY CORPS OF ENG (EXC CIV PRG FIN),28058,3170,372,899,0,227,42,0,0,32768,756,149,1198,0,3,41,1,0,2148,0,34916
AR-DEPARTMENT OF THE ARMY,ARCS-IMMEDIATE OFC OF CHIEF OF STAFF OF ARMY,721,64,5,0,0,119,22,0,0,931,6,5,15,0,0,0,0,0,26,0,957
AR-DEPARTMENT OF THE ARMY,ARE1-IMM OFC CMD-IN-CH US ARMY EUR & SEV ARMY,1890,575,16,0,0,205,7,0,0,2693,186,1173,0,0,0,9,0,0,1368,0,4061
AR-DEPARTMENT OF THE ARMY,ARE2-21ST THEATER ARMY AREA COMMAND,216,59,6,0,0,17,0,0,0,298,14,43,0,0,0,0,0,0,57,0,355
AR-DEPARTMENT OF THE ARMY,ARE3-U.S. ARMY SOUTHERN EUROPEAN TASK FORCE,137,37,5,0,0,14,0,0,0,193,8,54,0,0,0,0,0,0,62,0,255
AR-DEPARTMENT OF THE ARMY,ARE5-U.S. ARMY V CORPS,170,49,12,0,0,10,0,0,0,241,12,70,0,0,0,1,0,0,83,0,324
AR-DEPARTMENT OF THE ARMY,AREB-1ST PERSONNEL COMMAND,181,56,0,0,0,38,0,0,0,275,9,117,0,0,0,0,0,0,126,0,401
AR-DEPARTMENT OF THE ARMY,AREN-SEVENTH ARMY TRAINING COMMAND,365,135,0,0,0,44,0,0,0,544,16,140,0,0,0,1,0,0,157,0,701
AR-DEPARTMENT OF THE ARMY,ARFC-U.S. ARMY FORCES COMMAND,9548,1105,47,15,0,442,2,0,0,11159,734,316,66,0,0,18,0,0,1134,0,12293
AR-DEPARTMENT OF THE ARMY,ARG6-U.S. ARMY NETCOM/9TH ARMY SIGNAL COMMAND,1710,356,6,0,0,127,2,0,0,2201,37,72,2,0,0,1,0,0,112,0,2313
AR-DEPARTMENT OF THE ARMY,ARGB-OFC OF CHIEF OF NAT GUARD BUREAU,335,55,2,0,0,6,1,0,0,399,5,4,2,0,0,0,0,0,11,0,410
AR-DEPARTMENT OF THE ARMY,ARHR-U.S. ARMY RESERVE COMMAND,6198,1370,10,0,0,281,0,0,0,7859,412,15,6,0,0,2,0,0,435,0,8294
AR-DEPARTMENT OF THE ARMY,ARJ1-U.S. ARMY ELEMENT SHAPE,22,8,1,0,0,10,0,0,0,41,3,25,0,0,0,0,0,0,28,0,69
AR-DEPARTMENT OF THE ARMY,ARJA-JOINT ACTIVITIES,626,189,6,1,0,390,2,0,0,1214,75,55,15,0,0,215,0,0,360,0,1574
AR-DEPARTMENT OF THE ARMY,ARMA-U.S. MILITARY ACADEMY,1368,227,16,0,0,26,0,0,0,1637,60,120,12,0,0,22,0,0,214,0,1851
AR-DEPARTMENT OF THE ARMY,ARMC-U.S. ARMY MEDICAL COMMAND,19510,5452,76,18,0,699,8,0,0,25763,736,639,87,0,0,115,0,0,1577,0,27340
AR-DEPARTMENT OF THE ARMY,ARMP-U.S. ARMY HUMAN RESOURCES COMMAND,1514,133,2,0,0,22,2,0,0,1673,15,1,30,0,0,0,0,0,46,0,1719
AR-DEPARTMENT OF THE ARMY,ARMT-MIL SURFACE DEPLOY AND DISTRIBUTION CMD,1199,95,9,1,0,28,2,0,0,1334,13,11,15,0,0,0,0,0,39,0,1373
AR-DEPARTMENT OF THE ARMY,ARMW-US ARMY MIL DISTRICT OF WASHINGTON,2080,253,16,0,0,67,1,0,0,2417,70,4,9,0,0,1,0,0,84,0,2501
AR-DEPARTMENT OF THE ARMY,ARNG-ARMY NATIONAL GUARD UNITS (TITLE 32),1536,67,2,0,0,19071,0,0,0,20676,38,208,0,0,0,3252,0,0,3498,0,24174
AR-DEPARTMENT OF THE ARMY,"ARP1-U.S. ARMY, PACIFIC",2289,295,41,0,0,160,0,0,0,2785,197,77,4,0,0,3,0,0,281,0,3066
AR-DEPARTMENT OF THE ARMY,ARP8-EIGHTH U.S. ARMY,708,149,4,0,0,59,0,0,0,920,46,24,0,0,0,75,0,0,145,0,1065
AR-DEPARTMENT OF THE ARMY,ARPC-MILITARY ENTRANCE PROCESSING COMMAND,976,207,0,2,0,46,0,0,0,1231,12,1,0,0,0,0,0,0,13,0,1244
AR-DEPARTMENT OF THE ARMY,ARRC-U.S. ARMY RECRUITING COMMAND,917,86,6,1,0,24,0,0,0,1034,69,0,2,0,0,1,0,0,72,0,1106
AR-DEPARTMENT OF THE ARMY,ARSA-OFFICE OF THE SECRETARY OF THE ARMY,530,26,14,0,0,7,31,10,0,618,2,0,9,10,7,39,5,0,72,0,690
AR-DEPARTMENT OF THE ARMY,ARSB-FLD OPERATING OFC OF OFC OF SEC OF ARMY,1695,1032,21,321,0,140,3,0,0,3212,15,9,19,0,0,1,0,0,44,0,3256
AR-DEPARTMENT OF THE ARMY,ARSC-US ARMY SPACE AND STRATEGIC DEFENSE CMD,978,106,4,11,0,86,7,0,0,1192,32,1,12,0,0,1,0,0,46,0,1238
AR-DEPARTMENT OF THE ARMY,ARSE-FLD OP AG OF ARMY STAFF RESOURCED OA-22,1076,55,47,1,0,17,5,0,0,1201,49,2,15,0,0,9,0,0,75,0,1276
AR-DEPARTMENT OF THE ARMY,ARSF-FLD OPERATING AGENCIES OF THE ARMY STAFF,845,53,12,0,0,29,0,0,0,939,12,50,2,0,0,16,0,0,80,0,1019
AR-DEPARTMENT OF THE ARMY,"ARSJ-JT SERV & ACT SUP BY OFC, SEC OF ARMY",990,62,38,2,0,48,0,0,0,1140,8,67,15,0,0,1,0,0,91,0,1231
AR-DEPARTMENT OF THE ARMY,ARSP-U.S. SPECIAL OPERATIONS COMMAND (ARMY),775,134,4,1,0,159,0,0,0,1073,115,4,7,0,0,15,0,0,141,0,1214
AR-DEPARTMENT OF THE ARMY,"ARSS-STAFF SUP AGENCIES OF CHF OF STAFF, ARMY",23,1,0,1,0,0,0,0,0,25,0,0,1,0,0,0,0,0,1,0,26
AR-DEPARTMENT OF THE ARMY,ARSU-U.S. ARMY SOUTHERN COMMAND,450,87,4,2,0,79,0,0,0,622,36,7,0,0,0,0,0,0,43,0,665
AR-DEPARTMENT OF THE ARMY,ARTC-U.S. ARMY TRAINING AND DOCTRINE COMMAND,12108,2071,632,40,0,964,8,0,0,15823,1042,560,77,0,0,94,0,0,1773,0,17596
AR-DEPARTMENT OF THE ARMY,"ARX2-HEADQUARTERS, AMC",509,28,17,0,0,5,10,0,0,569,5,7,4,0,0,3,0,0,19,0,588
AR-DEPARTMENT OF THE ARMY,"ARX3-HQ, STAFF SUPPORT ACTIVITIES, AMC",19,2,0,0,0,0,0,0,0,21,0,0,0,0,0,0,0,0,0,0,21
AR-DEPARTMENT OF THE ARMY,"ARX4-TRAINING ACTIVITIES, AMC",30,159,0,0,0,0,0,0,0,189,0,0,0,0,0,0,0,0,0,0,189
AR-DEPARTMENT OF THE ARMY,"ARX5-U.S. ARMY MATERIEL COMMAND, ALL OTHERS",244,30,0,35,0,3,2,0,0,314,0,2,0,0,0,0,0,0,2,0,316
AR-DEPARTMENT OF THE ARMY,ARX6-U.S. ARMY AVIATION AND MISSILE COMMAND,9024,1159,39,187,0,142,14,0,0,10565,59,5,93,0,0,4,0,0,161,0,10726
AR-DEPARTMENT OF THE ARMY,ARX7-U.S. ARMY TANK-AUTOMOTIVE & ARMAMENT CMD,9741,1318,42,353,0,125,13,0,0,11592,303,18,72,0,0,0,0,0,393,0,11985
AR-DEPARTMENT OF THE ARMY,ARX8-US ARMY COMMUNICATIONS ELECTRONICS CMD,7436,927,30,191,0,113,8,0,0,8705,41,2,37,0,0,0,0,0,80,0,8785
AR-DEPARTMENT OF THE ARMY,"ARX9-U.S. ARMY SIMUL, TRAING AND INSTRUM CMD",331,10,3,0,0,40,1,0,0,385,3,0,0,0,0,0,0,0,3,0,388
AR-DEPARTMENT OF THE ARMY,ARXA-US ARMY CHEMICAL AND BIOLOGICAL DEF CMD,4791,966,17,70,0,66,8,0,0,5918,230,0,36,0,0,9,0,0,275,0,6193
AR-DEPARTMENT OF THE ARMY,ARXD-U.S. ARMY RESEARCH LABORATORY COMMAND,1712,210,14,9,0,29,10,0,0,1984,2,1,39,0,0,2,0,0,44,0,2028
AR-DEPARTMENT OF THE ARMY,ARXK-MATERIEL ACQUISITION ACTIVITIES,85,11,2,7,0,13,0,0,0,118,2,0,0,0,0,0,0,0,2,0,120
AR-DEPARTMENT OF THE ARMY,ARXL-MATERIEL ACQUISITION PROJECT MANAGERS,7,0,0,0,0,0,0,0,0,7,0,0,0,0,0,0,0,0,0,0,7
AR-DEPARTMENT OF THE ARMY,ARXP-U.S. ARMY SECURITY ASSISTANCE COMMAND,401,18,0,0,0,6,1,0,0,426,35,1,0,0,0,0,0,0,36,0,462
AR-DEPARTMENT OF THE ARMY,ARXQ-U.S. ARMY OPERATIONS SUPPORT COMMAND,5494,724,40,1,0,43,1,0,0,6303,867,136,14,0,0,8,0,0,1025,0,7328
AR-DEPARTMENT OF THE ARMY,ARXX-MATERIEL READINESS ACTIVITIES,386,36,0,0,0,1,0,0,0,423,0,1,1,0,0,0,0,0,2,0,425
DD-OTHER DEPARTMENT OF DEFENSE,DD**-UNSPECIFIED,1,0,0,0,0,0,0,0,0,1,0,0,0,0,0,0,0,0,0,0,1
DD-OTHER DEPARTMENT OF DEFENSE,DD01-OFFICE OF THE SECRETARY OF DEFENSE,786,90,45,51,0,36,183,62,0,1253,3,6,0,63,19,175,10,1,277,0,1530
DD-OTHER DEPARTMENT OF DEFENSE,DD02-JOINT STAFF,155,29,0,0,0,0,3,0,0,187,2,0,0,2,0,0,0,0,4,0,191
DD-OTHER DEPARTMENT OF DEFENSE,DD04-DEFENSE INFORMATION SYSTEMS AGENCY,4970,417,18,68,0,17,29,0,0,5519,34,1,92,0,0,2,0,0,129,0,5648
DD-OTHER DEPARTMENT OF DEFENSE,DD06-DEFENSE SECURITY COOPERATION AGENCY,126,15,2,10,0,1,5,0,0,159,2,0,16,0,0,1,0,0,19,0,178
DD-OTHER DEPARTMENT OF DEFENSE,DD07-DEFENSE LOGISTICS AGENCY,18552,1549,156,130,0,354,23,0,0,20764,230,400,115,0,0,214,1,0,960,0,21724
DD-OTHER DEPARTMENT OF DEFENSE,DD08-US COURT APLS ARMED FORCES,14,0,5,0,1,20,2,0,0,42,0,0,0,0,4,7,0,0,11,0,53
DD-OTHER DEPARTMENT OF DEFENSE,DD09-AMERICAN FORCES INFORMATION SERVICE,198,8,3,0,0,1,1,0,0,211,1,2,3,0,0,0,0,0,6,0,217
DD-OTHER DEPARTMENT OF DEFENSE,DD10-DEFENSE CONTRACT AUDIT AGENCY,3499,343,10,145,0,8,15,0,0,4020,3,2,34,0,0,0,0,0,39,0,4059
DD-OTHER DEPARTMENT OF DEFENSE,DD12-DEFENSE SECURITY SERVICE,2097,165,30,70,0,12,3,0,0,2377,92,29,3,0,0,0,0,0,124,0,2501
DD-OTHER DEPARTMENT OF DEFENSE,DD13-DEFENSE ADVANCED RESEARCH PROJECTS AGCY,88,7,1,0,0,0,13,1,0,110,23,0,0,0,0,41,0,0,64,0,174
DD-OTHER DEPARTMENT OF DEFENSE,DD16-DEPARTMENT OF DEFENSE EDUCATION ACTIVITY,791,112,5672,0,0,4170,5,0,0,10750,50,4936,12,0,0,1641,0,0,6639,2,17391
DD-OTHER DEPARTMENT OF DEFENSE,DD21-WASHINGTON HEADQUARTERS SERVICES,838,99,32,11,0,4,13,0,0,997,5,69,27,16,0,1,1,2,121,0,1118
DD-OTHER DEPARTMENT OF DEFENSE,DD23-OFFICE OF ECONOMIC ADJUSTMENT,26,1,1,0,0,0,1,0,0,29,0,0,0,0,0,0,0,0,0,0,29
DD-OTHER DEPARTMENT OF DEFENSE,DD25-DEFENSE LEGAL SERVICES AGENCY,39,6,36,0,0,14,1,0,0,96,53,11,0,0,0,1,0,0,65,0,161
DD-OTHER DEPARTMENT OF DEFENSE,DD26-OFFICE OF THE INSPECTOR GENERAL,686,110,15,332,0,22,15,0,0,1180,0,1,14,1,1,2,0,0,19,0,1199
DD-OTHER DEPARTMENT OF DEFENSE,DD27-MISSILE DEFENSE AGENCY,450,87,15,5,0,13,18,0,0,588,0,1,5,0,0,0,0,0,6,1,595
DD-OTHER DEPARTMENT OF DEFENSE,DD29-DEFENSE TECHNOLOGY SECURITY ADMIN,97,27,2,0,0,0,1,0,0,127,0,0,0,0,0,0,0,0,0,0,127
DD-OTHER DEPARTMENT OF DEFENSE,DD34-DEFENSE COMMISSARY AGENCY,9841,2111,28,8,0,45,5,0,0,12038,1141,1164,1527,0,0,53,0,0,3885,5,15928
DD-OTHER DEPARTMENT OF DEFENSE,DD35-DEFENSE FINANCE AND ACCOUNTING SERVICE,12578,747,48,184,0,43,24,0,0,13624,302,90,27,0,0,5,1,0,425,0,14049
DD-OTHER DEPARTMENT OF DEFENSE,DD48-DEFENSE HUMAN RESOURCES ACTIVITY,638,57,1,9,0,14,12,0,0,731,1,1,1,0,0,0,0,0,3,0,734
DD-OTHER DEPARTMENT OF DEFENSE,DD58-DEFENSE POW/MISSING PERSONNEL OFFICE,17,8,33,0,0,4,1,0,0,63,1,0,0,1,0,0,0,0,2,0,65
DD-OTHER DEPARTMENT OF DEFENSE,DD60-TRICARE MANAGEMENT ACTIVITY,220,28,14,1,0,2,5,0,0,270,11,1,1,0,0,0,2,0,15,0,285
DD-OTHER DEPARTMENT OF DEFENSE,DD61-DEFENSE THREAT REDUCTION AGENCY,702,137,28,4,0,9,13,0,0,893,15,6,34,0,0,1,0,0,56,0,949
DD-OTHER DEPARTMENT OF DEFENSE,DD63-DEFENSE CONTRACT MANAGEMENT AGENCY,9855,634,101,44,0,40,9,0,0,10683,30,8,116,0,0,3,0,0,157,0,10840
DD-OTHER DEPARTMENT OF DEFENSE,DD65-PENTAGON FORCE PROTECTION AGENCY,323,304,0,0,0,0,2,0,0,629,0,0,0,0,0,0,0,0,0,0,629
NV-DEPARTMENT OF THE NAVY,NV08-IMMEDIATE OFC OF SEC OF NAVY,239,11,50,0,0,2,24,7,0,333,1,0,11,5,4,2,1,0,24,1,358
NV-DEPARTMENT OF THE NAVY,NV09-NAVY STAFF OFFICES,94,8,5,0,0,0,3,0,0,110,0,0,3,0,0,0,0,0,3,1,114
NV-DEPARTMENT OF THE NAVY,NV10-NAVY FIELD OFFICES,1643,198,1595,21,0,297,16,0,0,3770,12,33,22,0,0,0,1,0,68,0,3838
NV-DEPARTMENT OF THE NAVY,NV11-IMM OFC OF CHIEF OF NAVAL OPERATIONS,2660,452,305,3,0,419,19,0,0,3858,39,231,16,0,0,37,1,0,324,0,4182
NV-DEPARTMENT OF THE NAVY,NV14-OFFICE OF NAVAL RESEARCH,2485,375,49,36,0,4,40,0,0,2989,7,21,132,0,0,14,0,0,174,0,3163
NV-DEPARTMENT OF THE NAVY,NV15-NAVAL INTELLIGENCE COMMAND,1,0,0,0,0,1135,0,0,0,1136,0,0,0,0,0,53,0,0,53,0,1189
NV-DEPARTMENT OF THE NAVY,NV18-NAVAL MEDICAL COMMAND,8024,1480,153,1,0,185,1,0,0,9844,243,368,167,0,8,3,0,0,789,6,10639
NV-DEPARTMENT OF THE NAVY,NV19-NAVAL AIR SYSTEMS COMMAND,21725,3281,90,467,0,406,42,0,0,26011,52,21,133,0,0,9,1,0,216,0,26227
NV-DEPARTMENT OF THE NAVY,NV22-BUREAU OF NAVAL PERSONNEL,1185,121,3,1,0,72,2,0,0,1384,45,0,10,0,0,0,1,0,56,0,1440
NV-DEPARTMENT OF THE NAVY,NV23-NAVAL SUPPLY SYSTEMS COMMAND,6299,264,53,29,0,70,8,0,0,6723,53,6,1,0,0,3,0,0,63,0,6786
NV-DEPARTMENT OF THE NAVY,NV24-NAVAL SEA SYSTEMS COMMAND,38522,5807,122,1760,0,648,62,0,5,46926,79,51,130,0,0,15,1,0,276,1,47203
NV-DEPARTMENT OF THE NAVY,NV25-NAVAL FACILITIES ENGINEERING COMMAND,10709,819,91,98,0,50,8,0,0,11775,196,13,75,0,0,0,0,0,284,0,12059
NV-DEPARTMENT OF THE NAVY,NV27-U.S. MARINE CORPS,10785,1156,61,34,0,226,10,0,0,12272,686,177,79,0,0,6,0,0,948,46,13266
NV-DEPARTMENT OF THE NAVY,NV30-STRATEGIC SYSTEMS PROGRAMS OFFICE,706,56,10,0,0,15,7,0,0,794,3,0,2,0,0,0,0,0,5,0,799
NV-DEPARTMENT OF THE NAVY,NV33-MILITARY SEALIFT COMMAND,872,78,4023,1,0,31,3,0,0,5008,14,17,19,0,0,1,0,0,51,0,5059
NV-DEPARTMENT OF THE NAVY,NV39-SPACE AND NAVAL WARFARE SYSTEMS COMMAND,5747,880,46,178,0,159,20,0,0,7030,56,4,78,0,0,2,0,0,140,0,7170
NV-DEPARTMENT OF THE NAVY,NV41-NAVY SYSTEMS MANAGEMENT ACTIVITY,303,113,0,0,0,65,0,0,0,481,0,0,0,0,0,0,0,0,0,0,481
NV-DEPARTMENT OF THE NAVY,"NV60-U.S. ATLANTIC FLEET, COMMANDER IN CHIEF",10465,1307,36,14,0,557,2,0,0,12381,190,83,24,0,0,6,0,0,303,1,12685
NV-DEPARTMENT OF THE NAVY,"NV61-U.S. NAVAL FORCES, EUROPE",424,68,8,0,0,18,0,0,0,518,59,532,0,0,0,5,0,0,596,3,1117
NV-DEPARTMENT OF THE NAVY,NV62-CHIEF OF NAVAL EDUCATION AND TRAINING,4140,1149,209,45,0,495,1,0,1,6040,240,306,77,0,0,115,0,0,738,0,6778
NV-DEPARTMENT OF THE NAVY,NV65-NAVAL METEOROLOGY AND OCEANOGRAPHY CMD,1073,127,5,40,0,8,2,0,0,1255,11,1,23,0,0,2,0,0,37,0,1292
NV-DEPARTMENT OF THE NAVY,NV69-NAVAL SECURITY GROUP COMMAND,147,29,12,3,0,234,0,0,0,425,11,0,0,0,0,4,0,0,15,0,440
NV-DEPARTMENT OF THE NAVY,"NV70-U.S. PACIFIC FLEET, COMMANDER IN CHIEF",11192,1525,21,320,0,131,4,0,0,13193,160,166,93,0,0,4,0,0,423,10,13626
NV-DEPARTMENT OF THE NAVY,NV72-NAVAL RESERVE FORCE,1057,117,2,1,0,56,0,0,0,1233,49,5,3,0,0,0,0,0,57,0,1290
NV-DEPARTMENT OF THE NAVY,NV74-NAVAL SPECIAL WARFARE COMMAND,218,55,1,1,0,30,0,0,0,305,12,0,1,0,0,0,0,0,13,0,318
AG-DEPARTMENT OF AGRICULTURE,AG**-UNSPECIFIED,0,0,0,0,0,0,0,0,0,0,0,1,0,0,0,0,0,0,1,0,1
AG-DEPARTMENT OF AGRICULTURE,AG01-OFFICE OF THE SECRETARY OF AGRICULTURE,21,0,0,0,0,0,2,13,0,36,0,1,3,24,11,1,0,0,40,0,76
AG-DEPARTMENT OF AGRICULTURE,AG02-AGRICULTURAL MARKETING SERVICE,2082,389,464,40,0,6,9,1,0,2991,6,2847,30,0,0,4,0,0,2887,0,5878
AG-DEPARTMENT OF AGRICULTURE,AG03-AGRICULTURAL RESEARCH SERVICE,5780,1361,13,76,0,17,40,0,0,7287,427,417,1265,1,0,17,0,0,2127,0,9414
AG-DEPARTMENT OF AGRICULTURE,AG07-RURAL HOUSING SERVICE,5483,538,15,30,0,22,5,2,4,6099,93,9,99,50,0,4,0,0,255,0,6354
AG-DEPARTMENT OF AGRICULTURE,AG08-RISK MANAGEMENT AGENCY,457,42,0,9,0,4,1,3,3,519,2,0,2,6,0,6,0,0,16,0,535
AG-DEPARTMENT OF AGRICULTURE,AG10-FOREIGN AGRICULTURAL SERVICE,430,72,2,27,1,154,5,2,1,694,0,1,158,2,0,20,0,0,181,0,875
AG-DEPARTMENT OF AGRICULTURE,AG11-FOREST SERVICE,25090,5952,86,475,0,259,58,0,1,31921,9294,147,2757,0,0,341,0,0,12539,1,44461
AG-DEPARTMENT OF AGRICULTURE,AG13-OFFICE OF COMMUNICATIONS,81,4,0,1,0,0,0,1,0,87,2,2,1,8,0,0,0,0,13,0,100
AG-DEPARTMENT OF AGRICULTURE,AG14-OFFICE OF THE GENERAL COUNSEL,95,5,205,0,0,3,17,0,0,325,0,3,4,0,1,0,0,0,8,0,333
AG-DEPARTMENT OF AGRICULTURE,AG15-RURAL UTILITIES SERVICE,276,57,0,0,0,0,3,1,4,341,0,0,0,3,1,0,0,0,4,0,345
AG-DEPARTMENT OF AGRICULTURE,AG16-NATURAL RESOURCES CONSERVATION SERVICE,9999,1308,11,466,0,41,23,1,31,11880,276,588,189,3,0,46,0,0,1102,0,12982
AG-DEPARTMENT OF AGRICULTURE,AG18-ECONOMIC RESEARCH SERVICE,367,36,0,0,0,1,7,0,0,411,12,0,16,0,0,0,0,0,28,0,439
AG-DEPARTMENT OF AGRICULTURE,AG20-NATIONAL AGRICULTURAL STATISTICS SERVICE,962,89,2,13,0,1,10,0,0,1077,16,0,0,0,0,1,0,0,17,0,1094
AG-DEPARTMENT OF AGRICULTURE,"AG22-COOP STATE RESEARCH, EDUC, & EXTEN SERV",266,78,1,1,0,1,8,0,0,355,4,48,12,1,0,3,0,0,68,0,423
AG-DEPARTMENT OF AGRICULTURE,AG23-OFFICE  OF THE INSPECTOR GENERAL,518,27,2,34,0,23,7,0,0,611,2,5,1,0,1,0,0,0,9,0,620
AG-DEPARTMENT OF AGRICULTURE,AG30-FOOD AND NUTRITION SERVICE,1346,131,2,6,0,15,14,5,0,1519,19,5,30,1,0,2,1,0,58,0,1577
AG-DEPARTMENT OF AGRICULTURE,AG32-RURAL BUSINESS-COOPERATIVE SERVICE,89,5,1,2,0,0,1,3,0,101,1,0,1,3,0,1,0,0,6,0,107
AG-DEPARTMENT OF AGRICULTURE,AG34-ANIMAL AND PLANT HEALTH INSPECTION SERV,3703,1100,27,17,0,96,26,0,0,4969,537,1589,207,2,0,31,0,0,2366,0,7335
AG-DEPARTMENT OF AGRICULTURE,"AG36-GRAIN INSPEC, PACKERS & STOCKYARDS ADMIN",629,77,1,2,0,3,4,1,0,717,5,52,7,0,0,0,0,0,64,0,781
AG-DEPARTMENT OF AGRICULTURE,AG37-FOOD SAFETY AND INSPECTION SERVICE,7796,1381,28,8,0,6,21,1,0,9241,61,934,43,0,0,4,0,0,1042,0,10283
AG-DEPARTMENT OF AGRICULTURE,AG38-OFFICE OF THE CHIEF ECONOMIST,40,5,1,1,0,0,5,0,0,52,0,0,3,0,0,0,0,0,3,0,55
AG-DEPARTMENT OF AGRICULTURE,AG42-OFFICE OF BUDGET AND PROGRAM ANALYSIS,49,5,0,0,0,0,5,0,0,59,0,0,2,0,0,0,0,0,2,0,61
AG-DEPARTMENT OF AGRICULTURE,AG90-OFFICE OF THE CHIEF FINANCIAL OFFICER,1487,119,6,1,0,6,7,0,0,1626,11,1,15,1,1,20,0,0,49,0,1675
AG-DEPARTMENT OF AGRICULTURE,AGDA-DEPARTMENTAL ADMINISTRATION,549,64,20,7,0,7,7,1,0,655,6,14,15,1,0,3,0,0,39,0,694
AG-DEPARTMENT OF AGRICULTURE,AGES-OFFICE OF THE EXECUTIVE SECRETARIAT,20,2,0,0,0,0,0,0,0,22,1,0,2,0,0,0,0,0,3,0,25
AG-DEPARTMENT OF AGRICULTURE,AGFA-FARM SERVICE AGENCY,5132,621,7,30,0,21,10,6,1,5828,19,234,50,57,0,9,0,0,369,0,6197
AG-DEPARTMENT OF AGRICULTURE,AGIT-OFFICE OF THE CHIEF INFORMATION OFFICER,268,24,0,2,0,8,5,1,0,308,1,0,0,1,0,0,2,0,4,0,312
AG-DEPARTMENT OF AGRICULTURE,AGNA-NATIONAL APPEALS DIVISION,114,7,0,0,0,0,0,0,0,121,0,0,0,0,0,0,0,0,0,0,121
AG-DEPARTMENT OF AGRICULTURE,AGSC-NAT SHEEP INDUSTRY IMPROVEMENT CENTER,0,0,0,0,0,2,0,0,0,2,0,0,0,0,0,0,0,0,0,0,2
CM-DEPARTMENT OF COMMERCE,CM33-TECHNOLOGY ADMINISTRATION,30,1,0,0,0,0,1,3,0,35,0,0,0,1,2,0,0,0,3,0,38
CM-DEPARTMENT OF COMMERCE,CM51-OFFICE OF THE SECRETARY,555,69,132,1,0,4,24,12,0,797,13,21,14,30,5,0,2,0,85,0,882
CM-DEPARTMENT OF COMMERCE,CM52-ECONOMIC DEVELOPMENT ADMINISTRATION,181,9,11,2,0,0,7,2,0,212,14,5,1,6,1,7,0,0,34,0,246
CM-DEPARTMENT OF COMMERCE,CM53-BUREAU OF ECONOMIC ANALYSIS,348,95,0,1,0,1,12,0,0,457,4,2,12,0,0,0,0,0,18,0,475
CM-DEPARTMENT OF COMMERCE,CM54-NAT OCEANIC AND ATMOSPHERIC ADMIN,10118,1325,250,87,0,102,100,8,0,11990,136,135,129,10,2,23,0,0,435,0,12425
CM-DEPARTMENT OF COMMERCE,CM55-INTERNATIONAL TRADE ADMINISTRATION,1123,268,21,27,0,189,23,10,0,1661,26,18,27,27,4,65,0,0,167,0,1828
CM-DEPARTMENT OF COMMERCE,CM56-PATENT AND TRADEMARK OFFICE,4941,1261,389,0,0,25,45,0,0,6661,10,2,31,1,1,26,0,0,71,0,6732
CM-DEPARTMENT OF COMMERCE,CM57-NATL INSTITUTE OF STANDARDS AND TECH,2360,363,0,8,0,1,34,0,0,2766,111,128,187,0,1,16,0,0,443,0,3209
CM-DEPARTMENT OF COMMERCE,CM59-MINORITY BUSINESS DEVELOPMENT AGENCY,82,7,0,0,0,0,1,2,0,92,1,0,2,3,0,0,0,0,6,0,98
CM-DEPARTMENT OF COMMERCE,CM61-NAT TELECOMMUNICATIONS AND INFO ADMIN,188,47,16,1,0,0,9,1,0,262,2,5,10,2,0,4,0,0,23,0,285
CM-DEPARTMENT OF COMMERCE,CM62-NATIONAL TECHNICAL INFORMATION SERVICE,161,8,0,0,0,0,3,0,0,172,1,0,1,0,0,0,0,0,2,0,174
CM-DEPARTMENT OF COMMERCE,CM63-BUREAU OF THE CENSUS,4709,1297,3632,0,0,52,35,1,0,9726,239,763,32,2,1,6,0,0,1043,0,10769
CM-DEPARTMENT OF COMMERCE,CM64-OFFICE OF THE INSPECTOR GENERAL,103,14,5,0,0,0,8,0,0,130,0,0,0,0,1,0,0,0,1,0,131
CM-DEPARTMENT OF COMMERCE,CM65-ECONOMICS AND STATISTICS ADMINISTRATION,46,4,0,0,0,0,5,2,0,57,1,0,0,1,1,0,0,0,3,0,60
CM-DEPARTMENT OF COMMERCE,CM67-BUREAU OF INDUSTRY AND SECURITY,315,27,1,1,0,2,10,0,0,356,5,0,1,5,2,0,2,0,15,0,371
DJ-DEPARTMENT OF JUSTICE,"DJ01-OFFICES, BOARDS AND DIVISIONS",2538,439,2287,11,0,361,161,47,0,5844,245,228,239,49,14,12,0,0,787,0,6631
DJ-DEPARTMENT OF JUSTICE,DJ02-FEDERAL BUREAU OF INVESTIGATION,0,0,0,0,0,27285,196,0,0,27481,0,0,0,0,0,79,0,0,79,0,27560
DJ-DEPARTMENT OF JUSTICE,DJ03-BUREAU OF PRISONS/FEDERAL PRISON SYSTEM,26951,6150,188,33,0,601,61,1,1,33986,21,16,87,0,0,6,0,0,130,0,34116
DJ-DEPARTMENT OF JUSTICE,DJ04-IMMIGRATION AND NATURALIZATION SERVICE,2,1,0,0,0,0,0,0,0,3,0,0,0,0,0,0,0,0,0,0,3
DJ-DEPARTMENT OF JUSTICE,DJ06-DRUG ENFORCEMENT ADMINISTRATION,6851,444,352,911,0,111,62,0,0,8731,8,12,110,4,1,0,1,0,136,0,8867
DJ-DEPARTMENT OF JUSTICE,DJ07-OFFICE OF JUSTICE PROGRAMS,538,40,26,0,0,3,13,5,0,625,17,1,10,10,6,0,0,0,44,0,669
DJ-DEPARTMENT OF JUSTICE,DJ08-U.S. MARSHALS SERVICE,3412,683,12,24,1,331,12,0,0,4475,12,0,0,1,6,88,0,0,107,0,4582
DJ-DEPARTMENT OF JUSTICE,DJ09-EXEC OFC US ATTORNEY AND OFF US ATTORNEY,4524,867,51,29,0,4719,5,0,0,10195,121,11,572,18,87,584,0,0,1393,0,11588
DJ-DEPARTMENT OF JUSTICE,DJ10-OFFICE OF THE INSPECTOR GENERAL,303,50,14,0,0,6,6,0,0,379,0,2,23,0,1,0,0,0,26,0,405
DJ-DEPARTMENT OF JUSTICE,DJ11-U.S. TRUSTEE PROGRAM,127,18,194,619,0,138,2,1,0,1099,2,24,0,0,0,7,0,0,33,0,1132
DJ-DEPARTMENT OF JUSTICE,DJ12-EXECUTIVE OFFICE FOR IMMIGRATION REVIEW,620,90,351,1,0,35,5,0,0,1102,9,39,43,0,0,3,0,0,94,0,1196
DJ-DEPARTMENT OF JUSTICE,DJ14-COMMUNITY RELATIONS SERVICE,39,3,0,0,0,2,0,0,0,44,0,0,0,1,1,0,0,0,2,0,46
DJ-DEPARTMENT OF JUSTICE,"DJ15-ALCOHOL, TOBACCO, FIREARMS, & EXPLOSIVES",3801,291,1,1,0,96,26,0,0,4216,7,3,119,0,0,383,0,0,512,0,4728
DL-DEPARTMENT OF LABOR,DLAA-OFFICE OF SECRETARY OF LABOR,199,7,89,1,0,6,1,10,0,313,1,37,10,28,1,2,0,0,79,0,392
DL-DEPARTMENT OF LABOR,DLAM-OFC ASST SEC ADM AND MANAGEMENT,617,45,10,35,0,4,9,0,0,720,12,1,38,4,0,1,0,0,56,0,776
DL-DEPARTMENT OF LABOR,DLBL-BUREAU OF INTERNATIONAL LABOR AFFAIRS,67,14,5,0,0,0,2,1,0,89,10,0,1,3,0,2,0,0,16,0,105
DL-DEPARTMENT OF LABOR,DLCA-OFC OF CONGRESSIONAL & INTERGOV AFFAIRS,7,0,0,0,0,0,0,0,0,7,0,0,0,18,1,0,0,0,19,0,26
DL-DEPARTMENT OF LABOR,DLCF-OFFICE OF THE CHIEF FINANCIAL OFFICER,70,5,2,0,0,0,2,0,0,79,0,0,2,3,1,0,0,0,6,0,85
DL-DEPARTMENT OF LABOR,DLEH-OFFICE OF DISABILITY EMPLOYMENT POLICY,24,11,7,0,0,0,2,0,0,44,0,1,1,5,1,0,0,0,8,0,52
DL-DEPARTMENT OF LABOR,DLES-EMPLOYMENT STANDARDS ADMINISTRATION,3482,414,13,28,0,22,18,5,0,3982,16,2,25,10,2,4,0,0,59,0,4041
DL-DEPARTMENT OF LABOR,DLET-EMPLOYMENT AND TRAINING ADMINISTRATION,1062,121,7,11,0,10,17,2,2,1232,12,5,10,4,1,1,0,0,33,2,1267
DL-DEPARTMENT OF LABOR,DLIG-OFFICE OF THE INSPECTOR GENERAL,345,58,5,4,0,5,5,0,2,424,1,0,3,0,1,2,0,0,7,0,431
DL-DEPARTMENT OF LABOR,DLLS-BUREAU OF LABOR STATISTICS,2137,444,2,4,0,2,16,0,0,2605,8,0,12,0,1,0,0,0,21,0,2626
DL-DEPARTMENT OF LABOR,DLMS-MINE SAFETY AND HEALTH ADMINISTRATION,1868,318,0,3,0,4,9,1,0,2203,2,0,4,2,1,0,0,0,9,0,2212
DL-DEPARTMENT OF LABOR,DLPA-OFFICE OF PUBLIC AFFAIRS,34,6,0,0,0,0,0,0,0,40,0,0,2,8,0,0,1,0,11,0,51
DL-DEPARTMENT OF LABOR,DLPE-OFC OF ASST SEC FOR POLICY,32,4,0,0,0,0,4,1,0,41,0,0,1,3,1,0,0,0,5,0,46
DL-DEPARTMENT OF LABOR,DLPW-EMPLOYEE BENEFITS SECURITY ADMINISTRATIO,645,167,2,29,0,8,13,1,0,865,1,1,7,1,0,16,1,0,27,0,892
DL-DEPARTMENT OF LABOR,DLSH-OCCUPATIONAL SAFETY AND HEALTH ADM,1923,284,5,18,0,5,19,1,0,2255,5,1,10,2,1,2,0,0,21,0,2276
DL-DEPARTMENT OF LABOR,DLSL-OFFICE OF THE SOLICITOR,171,14,452,0,0,2,19,1,0,659,6,8,2,3,0,2,0,0,21,0,680
DL-DEPARTMENT OF LABOR,DLVE-VETERANS EMPLOYMENT AND TRAINING SER,187,25,0,0,0,10,1,1,0,224,4,0,3,2,1,1,0,0,11,0,235
DL-DEPARTMENT OF LABOR,DLWB-WOMEN'S BUREAU,50,6,0,0,0,0,0,0,0,56,1,0,1,2,0,1,0,0,5,0,61
DN-DEPARTMENT OF ENERGY,DN00-DEPARTMENT OF ENERGY,12114,1621,439,131,0,433,406,34,18,15196,55,24,95,72,18,110,17,0,391,3,15590
ED-DEPARTMENT OF EDUCATION,EDEA-IMM OFC OF SEC OF EDUCATION,69,10,1,0,0,0,1,4,0,85,1,0,1,53,1,8,0,0,64,0,149
ED-DEPARTMENT OF EDUCATION,EDEB-OFC OF THE DEPUTY SECRETARY OF EDUCATION,75,10,4,0,0,0,8,0,0,97,0,0,3,2,0,4,0,0,9,0,106
ED-DEPARTMENT OF EDUCATION,EDEC-OFFICE FOR CIVIL RIGHTS,443,21,159,2,0,19,2,2,0,648,2,1,28,2,1,1,0,0,35,0,683
ED-DEPARTMENT OF EDUCATION,EDEE-OFFICE OF THE UNDER SECRETARY,29,2,3,0,0,0,2,1,0,37,1,0,1,8,1,3,0,0,14,0,51
ED-DEPARTMENT OF EDUCATION,EDEF-OFFICE OF INSPECTOR GENERAL,231,38,2,0,0,0,4,0,0,275,0,0,3,0,1,0,0,0,4,0,279
ED-DEPARTMENT OF EDUCATION,EDEG-OFFICE OF THE GENERAL COUNSEL,24,2,54,0,0,17,6,2,0,105,0,2,0,2,1,0,0,0,5,0,110
ED-DEPARTMENT OF EDUCATION,EDEH-OFF OF SPEC ED AND REHAB SERV,255,45,36,0,0,8,3,3,0,350,1,3,4,2,2,9,0,0,21,0,371
ED-DEPARTMENT OF EDUCATION,EDEI-OFFICE OF THE CHIEF INFORMATION OFFICER,97,7,0,0,0,1,1,0,0,106,0,0,1,0,0,0,0,0,1,0,107
ED-DEPARTMENT OF EDUCATION,EDEJ-OFC OF LEGIS AND CONGRESSIONAL AFFAIRS,15,0,0,0,0,0,0,0,0,15,0,0,0,9,1,0,0,0,10,0,25
ED-DEPARTMENT OF EDUCATION,EDEK-OFC OF INTERGOV AND INTERAGENCY AFFAIRS,62,14,0,1,0,0,2,0,0,79,0,0,0,25,1,0,0,0,26,0,105
ED-DEPARTMENT OF EDUCATION,EDEL-OFFICE OF THE CHIEF FINANCIAL OFFICER,240,26,1,5,0,0,3,0,0,275,2,0,14,3,1,0,0,0,20,0,295
ED-DEPARTMENT OF EDUCATION,EDEM-OFFICE OF MANAGEMENT,159,7,10,0,0,1,4,2,0,183,4,0,3,3,1,5,0,0,16,0,199
ED-DEPARTMENT OF EDUCATION,EDEN-FEDERAL STUDENT AID,975,38,1,2,0,39,10,0,0,1065,1,0,9,0,0,4,0,0,14,0,1079
ED-DEPARTMENT OF EDUCATION,EDEP-OFFICE OF POSTSECONDARY EDUCATION,213,13,0,0,0,0,2,1,0,229,2,0,0,3,13,54,0,0,72,0,301
ED-DEPARTMENT OF EDUCATION,EDEQ-OFFICE OF SAFE AND DRUG-FREE SCHOOLS,35,6,4,0,0,0,1,0,0,46,0,0,0,2,0,1,1,0,4,0,50
ED-DEPARTMENT OF EDUCATION,EDER-INSTITUTE OF EDUCATION SCIENCES,142,11,1,0,0,0,4,0,0,158,0,0,4,1,1,19,0,0,25,0,183
ED-DEPARTMENT OF EDUCATION,EDES-OFC OF ELEM AND SEC ED,163,34,4,0,2,0,5,0,0,208,0,0,0,6,11,4,0,0,21,0,229
ED-DEPARTMENT OF EDUCATION,EDET-OFFICE OF ENGLISH LANGUAGE ACQUISITION,32,9,0,0,0,0,0,1,0,42,0,0,0,3,0,0,0,0,3,0,45
ED-DEPARTMENT OF EDUCATION,EDEU-OFFICE OF INNOVATION AND IMPROVEMENT,75,6,1,0,0,0,0,1,0,83,1,0,1,4,0,0,0,0,6,0,89
ED-DEPARTMENT OF EDUCATION,EDEV-OFFICE OF VOCATIONAL AND ADULT EDUCATION,100,14,1,0,0,0,3,1,0,119,1,1,3,3,0,0,0,0,8,0,127
ED-DEPARTMENT OF EDUCATION,EDEX-NATIONAL INSTITUTE FOR LITERACY,4,0,1,0,0,0,0,0,0,5,1,0,0,0,0,21,0,0,22,0,27
ED-DEPARTMENT OF EDUCATION,EDEY-ADVISORY COUNCILS AND COMMITTEES,0,0,0,0,0,8,0,0,0,8,0,0,0,0,0,26,0,0,26,0,34
ED-DEPARTMENT OF EDUCATION,EDEZ-NATIONAL ASSESSMENT GOVERNING BOARD,4,2,0,0,0,1,0,0,0,7,0,0,0,0,0,28,0,0,28,0,35
HE-DEPARTMENT OF HEALTH AND HUMAN SERVICES,HE10-OFC SEC HEALTH AND HUMAN SERVICES,2039,530,305,4,0,57,64,21,0,3020,47,66,32,42,1,169,9,0,366,26,3412
HE-DEPARTMENT OF HEALTH AND HUMAN SERVICES,HE11-PROGRAM SUPPORT CENTER,763,89,5,1,0,4,5,0,0,867,35,15,25,0,0,8,2,0,85,1,953
HE-DEPARTMENT OF HEALTH AND HUMAN SERVICES,HE12-ADMINSTRATION ON AGING,90,17,0,1,0,1,2,0,0,111,0,0,0,1,0,2,0,0,3,0,114
HE-DEPARTMENT OF HEALTH AND HUMAN SERVICES,HE32-SUBSTANCE ABUSE & MENTAL HEALTH SERV ADM,390,44,2,5,0,1,13,0,0,455,1,0,3,0,1,71,0,0,76,0,531
HE-DEPARTMENT OF HEALTH AND HUMAN SERVICES,HE33-AGY FOR HEALTHCARE RESEARCH AND QUALITY,182,33,0,2,0,8,2,0,0,227,1,0,5,0,0,54,0,0,60,2,289
HE-DEPARTMENT OF HEALTH AND HUMAN SERVICES,HE34-HEALTH RESOURCES AND SERVICES ADM,1210,164,8,31,0,50,17,0,0,1480,12,0,6,0,0,37,0,0,55,4,1539
HE-DEPARTMENT OF HEALTH AND HUMAN SERVICES,HE36-FOOD AND DRUG ADMINISTRATION,7035,1715,70,2,0,82,43,4,0,8951,159,19,140,1,2,2260,1,0,2582,231,11764
HE-DEPARTMENT OF HEALTH AND HUMAN SERVICES,HE37-INDIAN HEALTH SERVICE,8531,1055,2192,0,0,82,16,0,0,11876,177,1163,1,1,0,52,0,0,1394,44,13314
HE-DEPARTMENT OF HEALTH AND HUMAN SERVICES,HE38-NATIONAL INSTITUTES OF HEALTH,10283,2146,61,41,0,195,101,1,0,12828,314,9,318,0,2,4588,2,0,5233,56,18117
HE-DEPARTMENT OF HEALTH AND HUMAN SERVICES,HE39-CENTERS FOR DISEASE CONTROL AND PREVENTN,5830,1261,62,29,0,128,22,1,0,7333,77,78,119,0,1,841,2,0,1118,15,8466
HE-DEPARTMENT OF HEALTH AND HUMAN SERVICES,HE70-CENTERS FOR MEDICARE & MEDICAID SERVICES,3556,677,32,88,0,52,34,6,0,4445,6,5,13,2,1,103,2,0,132,21,4598
HE-DEPARTMENT OF HEALTH AND HUMAN SERVICES,HE90-ADMINISTRATION FOR CHILDREN AND FAMILIES,1182,133,5,0,0,6,10,10,0,1346,4,7,3,7,1,34,0,0,56,1,1403
HS-DEPARTMENT OF HOMELAND SECURITY,HSAA-IMMEDIATE OFFICE OF THE SECRETARY,16,0,10,0,0,1,1,17,0,45,0,1,3,41,4,3,1,0,53,0,98
HS-DEPARTMENT OF HOMELAND SECURITY,HSAC-U.S. COAST GUARD,4822,1063,82,26,0,90,10,1,0,6094,457,20,76,0,0,46,0,0,599,0,6693
HS-DEPARTMENT OF HOMELAND SECURITY,HSAD-U.S. SECRET SERVICE,4157,234,0,2,0,31,37,0,0,4461,13,1,434,0,0,1358,0,0,1806,0,6267
HS-DEPARTMENT OF HOMELAND SECURITY,HSAE-OFFICE OF THE INSPECTOR GENERAL,279,93,0,1,0,4,9,0,0,386,0,0,0,0,0,7,0,0,7,0,393
HS-DEPARTMENT OF HOMELAND SECURITY,HSBA-OUS BORDER AND TRANSPORTATION SECURITY,32,22,0,0,0,1,0,1,0,56,0,2,1,6,2,4,0,0,15,0,71
HS-DEPARTMENT OF HOMELAND SECURITY,HSBB-BUR OF IMMIGRATION & CUSTOMS ENFORCEMENT,25606,9135,66,64,0,1628,33,3,0,36535,2367,21,315,3,1,563,1,0,3271,2,39808
HS-DEPARTMENT OF HOMELAND SECURITY,HSBC-TRANSPORTATION SECURITY ADMINISTRATION,0,0,0,0,0,34854,0,0,0,34854,0,0,0,0,0,25340,0,0,25340,0,60194
HS-DEPARTMENT OF HOMELAND SECURITY,HSBD-BUR OF CUSTOMS AND BORDER PROTECTION,18008,4134,63,678,0,801,72,0,0,23756,157,121,886,0,1,620,1,0,1786,2,25544
HS-DEPARTMENT OF HOMELAND SECURITY,HSBE-FEDERAL LAW ENFORCEMENT TRAINING CENTER,632,80,0,5,0,9,6,0,0,732,84,17,0,0,0,79,0,0,180,0,912
HS-DEPARTMENT OF HOMELAND SECURITY,HSCA-OUS EMERGENCY PREPRAREDNESS AND RESPONSE,40,15,0,0,0,0,1,0,1,57,4,739,1,0,0,7002,0,0,7746,7,7810
HS-DEPARTMENT OF HOMELAND SECURITY,HSCB-FEDERAL EMERGENCY MANAGEMENT AGENCY,1663,359,28,0,0,194,25,2,0,2271,107,5,18,3,3,5941,0,0,6077,14,8362
HS-DEPARTMENT OF HOMELAND SECURITY,HSDA-OUS INFO ANALYSIS AND INFRASTR PROTECTN,114,39,0,0,0,21,3,0,0,177,1,0,1,1,1,16,2,0,22,2,201
HS-DEPARTMENT OF HOMELAND SECURITY,HSDB-OFFICER FOR INFORMATION ANALYSIS,0,0,0,0,0,0,0,1,0,1,0,0,0,1,0,0,1,0,2,0,3
HS-DEPARTMENT OF HOMELAND SECURITY,HSDC-OFFICE FOR INFRASTRUCTURE PROTECTION,0,0,0,0,0,0,0,1,0,1,0,0,0,1,0,0,0,0,1,0,2
HS-DEPARTMENT OF HOMELAND SECURITY,HSEA-OUS MANAGEMENT,125,14,0,0,0,6,9,4,0,158,2,0,3,2,1,8,0,0,16,0,174
HS-DEPARTMENT OF HOMELAND SECURITY,HSFA-OUS FOR SCIENCE AND TECHNOLOGY,58,8,0,0,0,1,2,2,0,71,2,0,0,4,1,0,1,0,8,0,79
HU-DEPARTMENT OF HOUSING AND URBAN DEVELOPM,HU**-UNSPECIFIED,113,41,6,0,0,3,1,0,0,164,1,1,1,0,1,3,0,0,7,0,171
HU-DEPARTMENT OF HOUSING AND URBAN DEVELOPM,HU01-OFC OF SR COORD FOR NEW ENGLAND,237,25,19,6,0,0,0,1,0,288,0,3,1,0,0,0,0,0,4,0,292
HU-DEPARTMENT OF HOUSING AND URBAN DEVELOPM,HU02-OFC OF SR COORD FOR NEW YORK/NEW JERSEY,515,29,20,8,0,6,0,1,0,579,0,0,2,1,0,0,0,0,3,0,582
HU-DEPARTMENT OF HOUSING AND URBAN DEVELOPM,HU03-OFC OF SR COORD FOR MID-ATLANTIC,585,53,24,14,0,1,0,1,0,678,2,0,5,1,0,0,0,0,8,0,686
HU-DEPARTMENT OF HOUSING AND URBAN DEVELOPM,HU04-OFC OF SR COORD FOR SOUTHEAST/CARIBBEAN,1100,54,37,13,0,3,1,1,0,1209,4,2,8,1,0,2,0,0,17,0,1226
HU-DEPARTMENT OF HOUSING AND URBAN DEVELOPM,HU05-OFC OF SR COORD FOR MIDWEST,743,42,33,14,0,1,1,1,0,835,2,2,5,0,0,1,0,0,10,0,845
HU-DEPARTMENT OF HOUSING AND URBAN DEVELOPM,HU06-OFC OF SR COORD FOR SOUTHWEST,632,32,21,11,0,2,1,1,0,700,3,1,8,0,0,2,0,0,14,0,714
HU-DEPARTMENT OF HOUSING AND URBAN DEVELOPM,HU07-OFC OF SR COORD FOR GREAT PLAINS,206,30,13,8,0,2,0,0,0,259,0,0,1,1,0,0,0,0,2,0,261
HU-DEPARTMENT OF HOUSING AND URBAN DEVELOPM,HU08-OFC OF SR COORD FOR ROCKY MOUNTAINS,398,11,13,3,0,3,0,0,0,428,0,0,1,1,0,0,0,0,2,0,430
HU-DEPARTMENT OF HOUSING AND URBAN DEVELOPM,HU09-OFC OF SR COORD FOR PACIFIC/HAWAII,600,55,24,1,0,5,1,1,0,687,2,0,3,0,0,0,0,0,5,0,692
HU-DEPARTMENT OF HOUSING AND URBAN DEVELOPM,HU10-OFC OF SR COORD FOR NORTHWEST/ALASKA,204,36,6,6,0,0,0,0,0,252,0,0,1,1,0,0,0,0,2,0,254
HU-DEPARTMENT OF HOUSING AND URBAN DEVELOPM,HUAA-OFFICE OF THE SECRETARY OF HUD,16,8,1,0,0,1,1,3,0,30,1,0,7,6,2,2,0,0,18,0,48
HU-DEPARTMENT OF HOUSING AND URBAN DEVELOPM,HUBB-ASSISTANT SECRETARY FOR ADMINISTRATION,523,44,5,45,0,5,13,0,0,635,1,7,19,8,1,3,0,0,39,0,674
HU-DEPARTMENT OF HOUSING AND URBAN DEVELOPM,HUCC-OFFICE OF GENERAL COUNSEL,204,14,166,4,0,8,10,1,0,407,0,3,6,2,1,1,1,0,14,0,421
HU-DEPARTMENT OF HOUSING AND URBAN DEVELOPM,HUDD-ASST SEC FOR CMNTY PLAN AND DEVELOPMENT,203,18,7,8,0,1,5,1,0,243,0,3,2,9,1,12,0,0,27,0,270
HU-DEPARTMENT OF HOUSING AND URBAN DEVELOPM,HUEE-ASST SEC FOR FAIR HOUS AND EQUAL OPPOR,116,14,3,14,0,0,6,0,0,153,0,0,1,1,1,1,0,0,4,0,157
HU-DEPARTMENT OF HOUSING AND URBAN DEVELOPM,HUFF-OFFICE OF THE CHIEF FINANCIAL OFFICER,147,9,7,6,0,1,5,0,0,175,0,3,3,1,0,1,0,0,8,0,183
HU-DEPARTMENT OF HOUSING AND URBAN DEVELOPM,HUGG-OFFICE OF INSPECTOR GENERAL,584,69,4,24,0,3,8,0,0,692,0,1,1,0,1,0,0,0,3,0,695
HU-DEPARTMENT OF HOUSING AND URBAN DEVELOPM,HUII-OFC OF DEPARTMENTAL OPERATIONS AND COORD,89,12,5,2,0,2,2,0,0,112,0,0,1,0,0,0,0,0,1,0,113
HU-DEPARTMENT OF HOUSING AND URBAN DEVELOPM,HUJJ-ASST SEC FOR CONGR & INTERGOV RELATIONS,8,5,0,0,0,0,0,0,0,13,0,0,0,14,1,1,0,0,16,0,29
HU-DEPARTMENT OF HOUSING AND URBAN DEVELOPM,HUKA-CENTR FOR FAITH-BASED & COMM INITIATIVES,3,1,1,0,0,0,0,0,0,5,0,0,0,2,0,0,0,0,2,0,7
HU-DEPARTMENT OF HOUSING AND URBAN DEVELOPM,HUKK-OFFICE OF FIELD POLICY AND MANAGEMENT,16,3,0,0,0,0,0,1,0,20,0,0,1,3,0,0,0,0,4,0,24
HU-DEPARTMENT OF HOUSING AND URBAN DEVELOPM,HULL-OFC OF HEALTHY HOMES & LEAD HAZRD CONTRL,32,10,0,1,0,0,1,0,0,44,0,1,0,0,0,0,0,0,1,0,45
HU-DEPARTMENT OF HOUSING AND URBAN DEVELOPM,HUMM-ASST SEC FOR HOUSING--FED HOUSING CMSNR,607,47,6,9,0,3,9,2,0,683,5,2,20,3,2,81,0,0,113,0,796
HU-DEPARTMENT OF HOUSING AND URBAN DEVELOPM,HUPP-ASST SEC FOR PUB AND INDIAN HOUSING,629,53,7,0,0,13,8,0,0,710,0,0,4,3,1,0,1,0,9,0,719
HU-DEPARTMENT OF HOUSING AND URBAN DEVELOPM,HURR-ASST SEC FOR POLICY DEV AND RES,85,8,3,2,0,1,2,0,0,101,0,3,1,2,0,3,0,0,9,0,110
HU-DEPARTMENT OF HOUSING AND URBAN DEVELOPM,HUTT-GOVERNMENT NATIONAL MORTGAGE ASSOCIATION,51,8,1,0,0,0,6,0,0,66,0,1,1,1,1,2,0,0,6,0,72
HU-DEPARTMENT OF HOUSING AND URBAN DEVELOPM,HUWW-ASSISTANT SECRETARY FOR PUBLIC AFFAIRS,8,0,0,0,0,0,0,1,0,9,0,0,0,6,1,2,0,0,9,0,18
IN-DEPARTMENT OF INTERIOR,IN01-OFFICE OF THE SECRETARY OF THE INTERIOR,1697,215,122,7,0,59,46,21,0,2167,19,28,30,29,8,7,4,0,125,0,2292
IN-DEPARTMENT OF INTERIOR,IN05-BUREAU OF LAND MANAGEMENT,8120,1712,15,215,0,20,19,1,0,10102,652,1311,318,1,1,78,3,0,2364,0,12466
IN-DEPARTMENT OF INTERIOR,IN06-INDIAN AFFAIRS,4457,177,1351,6,0,145,15,0,0,6151,26,456,3,0,0,4150,0,0,4635,0,10786
IN-DEPARTMENT OF INTERIOR,IN07-BUREAU OF RECLAMATION,4721,707,12,81,0,11,14,1,0,5547,166,13,154,2,5,6,0,1,347,0,5894
IN-DEPARTMENT OF INTERIOR,IN08-GEOLOGICAL SURVEY,7550,647,13,238,0,9,27,0,0,8484,681,117,436,0,1,21,0,0,1256,0,9740
IN-DEPARTMENT OF INTERIOR,IN10-NATIONAL PARK SERVICE,13645,2670,104,193,0,180,22,1,0,16815,5729,280,1156,2,1,222,0,0,7390,0,24205
IN-DEPARTMENT OF INTERIOR,IN15-U.S. FISH AND WILDLIFE SERVICE,7102,1389,24,102,0,77,22,1,0,8717,744,314,173,1,1,9,1,0,1243,0,9960
IN-DEPARTMENT OF INTERIOR,IN21-OFFICE OF THE SOLICITOR,74,19,251,0,0,0,11,6,0,361,3,46,4,0,1,0,0,0,54,0,415
IN-DEPARTMENT OF INTERIOR,"IN22-OFC OF SURFACE MINING, RECL AND ENFORC",536,30,0,3,0,1,4,0,0,574,2,0,4,0,1,0,0,0,7,0,581
IN-DEPARTMENT OF INTERIOR,IN23-MINERALS MANAGEMENT SERVICE,1490,154,2,20,0,0,11,1,0,1678,2,4,40,2,0,0,1,0,49,0,1727
IN-DEPARTMENT OF INTERIOR,IN24-OFFICE OF THE INSPECTOR GENERAL,201,29,5,0,0,1,8,0,0,244,0,0,4,0,1,0,0,0,5,0,249
ST-DEPARTMENT OF STATE,ST00-DEPARTMENT OF STATE,5191,1367,210,113,0,10475,120,35,0,17511,1201,119,255,105,32,3627,3,0,5342,3,22856
TD-DEPARTMENT OF TRANSPORTATION,TD01-OFC OF SEC OF TRANSPORTATION,568,58,46,0,0,24,37,9,0,742,7,1,21,23,5,4,1,0,62,0,804
TD-DEPARTMENT OF TRANSPORTATION,TD03-FEDERAL AVIATION ADMINISTRATION,0,0,0,0,0,48636,0,0,0,48636,0,0,0,0,0,640,0,0,640,0,49276
TD-DEPARTMENT OF TRANSPORTATION,TD04-FEDERAL HIGHWAY ADMINISTRATION,2305,402,43,56,0,10,47,3,0,2866,11,4,23,3,1,4,0,0,46,0,2912
TD-DEPARTMENT OF TRANSPORTATION,TD05-FEDERAL RAILROAD ADMINISTRATION,602,124,28,2,0,2,13,1,0,772,0,1,11,0,1,1,0,0,14,0,786
TD-DEPARTMENT OF TRANSPORTATION,TD06-ST. LAWRENCE SEAWAY DEV CORP,123,23,2,0,0,2,2,0,0,152,4,2,2,1,1,1,0,0,11,0,163
TD-DEPARTMENT OF TRANSPORTATION,TD09-FEDERAL TRANSIT ADMINISTRATION,421,48,25,4,0,0,15,3,0,516,5,5,0,1,1,0,1,0,13,0,529
TD-DEPARTMENT OF TRANSPORTATION,TD10-NAT HIGHWAY TRAFFIC SAFETY ADM,504,92,18,0,0,3,23,3,0,643,1,0,10,1,1,0,0,0,13,0,656
TD-DEPARTMENT OF TRANSPORTATION,TD11-RESEARCH AND INNOVATIVE TECHNOLOGY ADM,683,161,25,35,0,7,13,1,0,925,20,9,11,2,0,8,0,0,50,0,975
TD-DEPARTMENT OF TRANSPORTATION,TD12-OFFICE OF INSPECTOR GENERAL,326,39,1,6,0,10,11,0,0,393,0,5,8,0,1,4,0,0,18,0,411
TD-DEPARTMENT OF TRANSPORTATION,TD13-MARITIME ADMINISTRATION,667,41,76,0,0,1,15,2,0,802,3,37,3,2,1,1,0,0,47,0,849
TD-DEPARTMENT OF TRANSPORTATION,TD15-SURFACE TRANSPORTATION BOARD,82,11,18,1,0,24,6,0,0,142,1,1,2,0,2,4,0,0,10,0,152
TD-DEPARTMENT OF TRANSPORTATION,TD16-PIPELINE/HAZARDOUS MATERIALS SAFETY ADM,92,33,2,0,0,2,2,0,0,131,0,0,3,0,0,0,0,0,3,0,134
TD-DEPARTMENT OF TRANSPORTATION,TD17-FEDERAL MOTOR CARRIER SAFETY ADMIN,646,328,22,1,0,3,9,2,0,1011,6,0,1,2,1,0,0,0,10,0,1021
TR-DEPARTMENT OF TREASURY,TR35-OFFICE OF THRIFT SUPERVISION,228,37,630,0,0,4,0,0,0,899,0,4,3,0,1,0,0,0,8,0,907
TR-DEPARTMENT OF TREASURY,TR40-ALCOHOL AND TOBACCO TAX AND TRADE BUREAU,343,70,14,0,0,2,4,0,0,433,0,1,8,0,0,0,0,0,9,0,442
TR-DEPARTMENT OF TREASURY,TR91-DEPARTMENTAL OFFICES,818,146,82,1,0,8,61,22,0,1138,21,56,34,34,18,9,4,0,176,0,1314
TR-DEPARTMENT OF TREASURY,TR93-INTERNAL REVENUE SERVICE,80830,9899,1893,77,0,214,270,0,2,93185,1488,44,118,0,1,37,1,0,1689,1,94875
TR-DEPARTMENT OF TREASURY,TR95-OFFICE OF INSPECTOR GENERAL,64,17,1,2,0,0,6,0,0,90,0,0,3,0,1,0,0,0,4,0,94
TR-DEPARTMENT OF TREASURY,TRAA-FINANCIAL MANAGEMENT SERVICE,1824,194,14,14,0,10,21,0,0,2077,28,5,35,0,0,54,0,0,122,0,2199
TR-DEPARTMENT OF TREASURY,TRAB-BUREAU OF THE PUBLIC DEBT,1567,184,18,30,0,15,12,0,0,1826,9,0,5,0,0,0,0,0,14,0,1840
TR-DEPARTMENT OF TREASURY,TRAD-U.S. MINT,1970,240,12,2,0,9,5,0,0,2238,11,0,7,1,1,1,2,0,23,0,2261
TR-DEPARTMENT OF TREASURY,TRAF-FINANCIAL CRIMES ENFORCEMENT NETWORK,173,48,10,1,0,1,4,0,0,237,1,2,5,0,0,0,0,0,8,0,245
TR-DEPARTMENT OF TREASURY,TRAI-BUREAU OF ENGRAVING AND PRINTING,2163,221,20,6,0,16,9,0,0,2435,10,0,60,0,0,3,0,0,73,0,2508
TR-DEPARTMENT OF TREASURY,TRAJ-OFC OF COMPTROLLER OF CURRENCY,706,54,117,1852,0,11,0,0,1,2741,15,7,12,0,1,4,0,0,39,0,2780
TR-DEPARTMENT OF TREASURY,TRTG-OFC OF INSPECTOR GENERAL FOR TAX ADMIN,843,31,13,1,0,0,12,0,0,900,1,0,0,0,0,0,0,0,1,0,901
VA-DEPARTMENT OF VETERANS AFFAIRS,VAAA-OFFICE OF THE SECRETARY,31,5,13,0,0,2,2,4,0,57,2,0,0,0,1,1,0,0,4,3,64
VA-DEPARTMENT OF VETERANS AFFAIRS,VAAC-BOARD OF CONTRACT APPEALS,3,1,5,0,0,1,0,0,0,10,0,0,0,0,0,0,0,0,0,0,10
VA-DEPARTMENT OF VETERANS AFFAIRS,VAAD-BOARD OF VETERANS APPEALS,120,25,287,0,0,13,1,0,0,446,5,1,4,0,0,1,0,0,11,0,457
VA-DEPARTMENT OF VETERANS AFFAIRS,VAAE-GENERAL COUNSEL,252,33,309,0,0,58,12,0,0,664,2,5,0,0,1,0,0,0,8,1,673
VA-DEPARTMENT OF VETERANS AFFAIRS,VAAF-INSPECTOR GENERAL,356,43,1,0,0,6,11,0,0,417,0,0,0,0,1,0,0,0,1,1,419
VA-DEPARTMENT OF VETERANS AFFAIRS,VAAH-OFC OF SMALL AND DISADV BUS UTILIZATION,9,1,0,0,0,0,0,0,0,10,0,0,0,0,0,0,0,0,0,0,10
VA-DEPARTMENT OF VETERANS AFFAIRS,VABA-IMMED OFC OF ASST SEC FOR HUMN RES & ADM,6,1,0,0,0,0,1,0,0,8,0,0,0,0,0,0,0,0,0,0,8
VA-DEPARTMENT OF VETERANS AFFAIRS,VABB-DEP ASST SEC FOR SECURITY AND LAW ENFORC,11,4,0,0,0,1,0,0,0,16,1,0,2,0,0,0,0,0,3,0,19
VA-DEPARTMENT OF VETERANS AFFAIRS,VABC-DEP ASST SEC HUMAN RES MGT & LABOR RELAT,88,0,2,0,0,0,2,0,0,92,4,0,2,0,0,6,0,0,12,0,104
VA-DEPARTMENT OF VETERANS AFFAIRS,VABD-DEPUTY ASST SEC FOR EQUAL OPPORTUNITY,11,0,0,0,0,1,1,0,0,13,1,0,1,0,0,0,0,0,2,0,15
VA-DEPARTMENT OF VETERANS AFFAIRS,VABE-DEPUTY ASSISTANT SECRETARY FOR ADMIN,130,9,3,0,0,3,2,0,0,147,4,0,3,0,0,0,0,0,7,0,154
VA-DEPARTMENT OF VETERANS AFFAIRS,VABF-DEP ASST SEC FOR OFC OF RESOLUTION MGT,206,10,2,0,0,6,1,0,0,225,13,1,0,0,0,0,0,0,14,0,239
VA-DEPARTMENT OF VETERANS AFFAIRS,VADA-IMMED OFC OF THE ASST SEC FOR MANAGEMENT,5,0,0,0,0,1,2,0,0,8,0,0,0,0,0,0,0,0,0,0,8
VA-DEPARTMENT OF VETERANS AFFAIRS,VADC-DEPUTY ASSISTANT SECRETARY FOR BUDGET,20,1,0,0,0,3,1,0,0,25,1,0,0,0,0,0,0,0,1,0,26
VA-DEPARTMENT OF VETERANS AFFAIRS,VADD-DEPUTY ASST SEC FOR FINANCE,419,88,1,3,0,8,4,0,0,523,1,0,0,0,0,1,0,0,2,0,525
VA-DEPARTMENT OF VETERANS AFFAIRS,VADG-DEP ASST SEC FOR ACQUIS AND MATERIEL MGT,341,51,1,1,0,10,3,0,0,407,7,0,2,1,0,0,0,0,10,0,417
VA-DEPARTMENT OF VETERANS AFFAIRS,VAEB-DEP ASST SEC FOR INFO AND TECHNOLOGY,429,53,4,4,0,22,3,0,0,515,0,0,0,0,0,11,0,0,11,1,527
VA-DEPARTMENT OF VETERANS AFFAIRS,VAHA-IMMED OFC OF ASST SEC FOR POLICY & PLANG,3,2,0,0,0,0,2,2,0,9,0,0,0,0,0,0,0,0,0,0,9
VA-DEPARTMENT OF VETERANS AFFAIRS,VAHB-DEP ASST SEC FOR PROGRAM & DATA ANALYSIS,12,1,0,0,0,1,2,0,0,16,0,0,0,0,0,0,0,0,0,0,16
VA-DEPARTMENT OF VETERANS AFFAIRS,VAHC-DEP ASST SEC FOR PLANNING & EVALUATION,22,2,1,0,0,0,1,0,0,26,0,0,0,0,0,0,0,0,0,0,26
VA-DEPARTMENT OF VETERANS AFFAIRS,VAHD-NAT CTR FOR VET ANALYSIS AND STATISTICS,9,2,0,0,0,0,0,0,0,11,0,0,0,0,0,0,0,0,0,0,11
VA-DEPARTMENT OF VETERANS AFFAIRS,VAJA-IMMED OFC OF ASST SEC FOR PUB & INT AFF,9,0,0,0,0,0,0,2,0,11,2,0,0,2,0,1,0,0,5,0,16
VA-DEPARTMENT OF VETERANS AFFAIRS,VAJB-DEP ASST SEC INTERGOV & INTERNAT AFFAIRS,9,0,0,0,0,0,0,0,0,9,0,0,1,0,0,0,0,0,1,0,10
VA-DEPARTMENT OF VETERANS AFFAIRS,VAJC-DEP ASST SEC FOR PUBLIC AFFAIRS,34,5,0,1,0,1,1,0,0,42,2,0,0,0,0,1,0,0,3,0,45
VA-DEPARTMENT OF VETERANS AFFAIRS,VAKA-IMMED OFC ASST SEC CONGR & LEGIS AFFAIRS,5,0,0,0,0,0,0,1,0,6,0,0,0,2,1,1,0,0,4,0,10
VA-DEPARTMENT OF VETERANS AFFAIRS,VAKB-DEP ASST SEC FOR CONGRESSIONAL AFFAIRS,13,1,0,0,0,1,0,0,0,15,1,0,0,0,0,0,0,0,1,0,16
VA-DEPARTMENT OF VETERANS AFFAIRS,VALA-VETERANS BENEFITS ADMINISTRATION,10005,2130,39,282,0,371,45,0,0,12872,106,5,48,0,1,3,1,0,164,8,13044
VA-DEPARTMENT OF VETERANS AFFAIRS,VAPA-NATIONAL CEMETERY ADMINISTRATION,1044,234,1,5,0,80,1,1,0,1366,196,25,3,0,1,10,0,0,235,1,1602
VA-DEPARTMENT OF VETERANS AFFAIRS,VATA-VETERANS HEALTH ADMINISTRATION,96562,19770,925,291,0,71413,163,1,0,189125,4635,548,1692,7,1,15740,0,0,22623,10,211758
AM-AGENCY FOR INTERNATIONAL DEVELOPMENT,AM00-AGENCY FOR INTERNATIONAL DEVELOPMENT,819,94,13,1,0,754,24,1,0,1706,9,32,0,0,10,445,0,0,496,0,2202
EE-EQUAL EMPLOYMENT OPPORTUNITY COMMISSION,EE00-EQUAL EMPLOYMENT OPPORTUNITY COMMISSION,1840,109,563,0,0,6,36,1,0,2555,2,8,14,2,5,0,2,0,33,0,2588
EP-ENVIRONMENTAL PROTECTION AGENCY,EP00-ENVIRONMENTAL PROTECTION AGENCY,14652,1305,1062,253,0,92,257,20,1,17642,48,104,276,38,9,804,1,0,1280,1,18923
FC-FEDERAL COMMUNICATIONS COMMISSION,FC00-FEDERAL COMMUNICATIONS COMMISSION,1265,153,509,27,0,13,39,7,0,2013,0,3,4,3,5,16,0,1,32,0,2045
FD-FEDERAL DEPOSIT INSURANCE CORPORATION,FD00-FEDERAL DEPOSIT INSURANCE CORPORATION,4787,192,263,83,0,13,0,0,0,5338,19,15,67,4,3,2,0,0,110,0,5448
FQ-COURT SERVICES AND OFFENDR SUPERVSN AGY,FQ02-PRETRIAL SERVICES AGENCY,0,0,295,0,0,0,0,0,0,295,0,0,0,0,0,0,0,0,0,0,295
FT-FEDERAL TRADE COMMISSION,FT00-FEDERAL TRADE COMMISSION,380,65,486,0,0,3,29,6,0,969,55,10,14,5,5,30,1,0,120,0,1089
GS-GENERAL SERVICES ADMINISTRATION,GS01-IMMEDIATE OFFICE OF THE ADMINISTRATOR,16,3,0,0,0,0,0,1,0,20,0,0,0,6,1,0,0,0,7,0,27
GS-GENERAL SERVICES ADMINISTRATION,GS03-PUBLIC BUILDINGS SERVICE,5049,573,23,198,0,3,18,2,0,5866,14,9,21,0,0,14,0,0,58,0,5924
GS-GENERAL SERVICES ADMINISTRATION,GS04-OFFICE OF CIVIL RIGHTS,10,1,1,0,0,0,1,0,0,13,0,0,0,0,0,0,0,0,0,0,13
GS-GENERAL SERVICES ADMINISTRATION,GS10-OFFICE OF SMALL BUSINESS UTILIZATION,10,0,0,0,0,0,0,0,0,10,0,0,0,1,0,0,0,0,1,0,11
GS-GENERAL SERVICES ADMINISTRATION,GS11-OFFICE OF THE CHIEF FINANCIAL OFFICER,568,59,0,79,0,1,5,0,0,712,8,0,0,0,0,0,0,0,8,0,720
GS-GENERAL SERVICES ADMINISTRATION,GS12-OFFICE OF GENERAL COUNSEL,29,0,93,0,0,7,4,1,0,134,0,3,0,0,0,0,0,0,3,0,137
GS-GENERAL SERVICES ADMINISTRATION,GS13-GSA BOARD OF CONTRACT APPEALS,12,0,8,0,0,1,0,0,0,21,0,0,0,0,0,0,0,0,0,0,21
GS-GENERAL SERVICES ADMINISTRATION,GS14-OFFICE OF THE CHIEF PEOPLE OFFICER,328,15,4,6,0,0,4,0,0,357,1,1,1,0,0,1,0,0,4,0,361
GS-GENERAL SERVICES ADMINISTRATION,GS15-OFFICE OF INSPECTOR GENERAL,227,15,0,19,0,4,6,0,0,271,0,0,3,0,1,0,0,0,4,0,275
GS-GENERAL SERVICES ADMINISTRATION,GS19-OFC OF CITIZEN SERVICES AND COMMUNICATNS,77,13,0,3,0,0,2,2,0,97,1,1,2,2,0,0,0,0,6,0,103
GS-GENERAL SERVICES ADMINISTRATION,GS20-OFC OF CONGRESSIONAL & INTERGOV AFFAIRS,7,0,0,0,0,0,0,1,0,8,0,0,0,4,0,0,0,0,4,0,12
GS-GENERAL SERVICES ADMINISTRATION,GS22-OFFICES OF THE REGIONAL ADMINISTRATORS,78,5,0,1,0,25,7,11,0,127,0,2,0,6,0,1,0,0,9,0,136
GS-GENERAL SERVICES ADMINISTRATION,GS24-FEDERAL SUPPLY SERVICE,2697,163,19,115,0,3,13,0,0,3010,44,5,5,0,0,4,1,0,59,0,3069
GS-GENERAL SERVICES ADMINISTRATION,GS26-OFFICE OF GOVERNMENTWIDE POLICY,223,16,3,4,0,0,7,0,0,253,1,0,2,0,0,0,1,0,4,0,257
GS-GENERAL SERVICES ADMINISTRATION,GS27-FEDERAL TECHNOLOGY SERVICE,1257,111,7,15,0,6,11,0,0,1407,3,6,6,0,0,21,1,0,37,0,1444
GS-GENERAL SERVICES ADMINISTRATION,GS28-OFFICE OF THE CHIEF INFORMATION OFFICER,79,13,0,0,0,0,2,0,0,94,0,0,0,0,0,0,1,0,1,0,95
IB-BROADCASTING BOARD OF GOVERNORS,IB00-BROADCASTING BOARD OF GOVERNORS,1296,221,15,82,0,148,13,4,0,1779,12,7,10,5,0,87,0,0,121,0,1900
LP-GOVERNMENT PRINTING OFFICE,LP00-GOVERNMENT PRINTING OFFICE,2443,313,10,4,0,19,0,0,0,2789,9,2,6,0,0,34,0,0,51,0,2840
NF-NATIONAL SCIENCE FOUNDATION,NF00-NATIONAL SCIENCE FOUNDATION,605,114,0,5,0,286,81,0,1,1092,3,0,34,0,23,164,6,0,230,0,1322
NL-NATIONAL LABOR RELATIONS BOARD,NL00-NATIONAL LABOR RELATIONS BOARD,957,91,744,34,0,9,53,3,0,1891,0,17,12,0,5,0,1,0,35,0,1926
NN-NAT AERONAUTICS AND SPACE ADMINISTRATION,"NN10-HEADQUARTERS, NASA",1063,107,42,24,0,12,126,5,0,1379,17,0,16,9,2,99,5,0,148,0,1527
NN-NAT AERONAUTICS AND SPACE ADMINISTRATION,NN21-AMES RESEARCH CENTER,1228,146,9,18,0,1,20,0,0,1422,15,1,22,0,0,22,1,0,61,0,1483
NN-NAT AERONAUTICS AND SPACE ADMINISTRATION,NN22-JOHN GLENN RESEARCH CTR AT LEWIS FIELD,1770,59,10,18,0,2,27,0,0,1886,26,0,0,0,0,0,0,0,26,0,1912
NN-NAT AERONAUTICS AND SPACE ADMINISTRATION,NN23-LANGLEY RESEARCH CENTER,2085,148,15,39,0,1,35,0,0,2323,15,1,9,0,0,1,1,0,27,0,2350
NN-NAT AERONAUTICS AND SPACE ADMINISTRATION,NN24-DRYDEN FLIGHT RESEARCH CENTER,496,46,3,11,0,1,10,0,0,567,9,0,0,0,0,3,0,0,12,0,579
NN-NAT AERONAUTICS AND SPACE ADMINISTRATION,NN51-GODDARD SPACE FLIGHT CENTER,2843,300,19,40,0,1,46,0,0,3249,39,0,32,0,0,15,1,0,87,0,3336
NN-NAT AERONAUTICS AND SPACE ADMINISTRATION,NN62-GEORGE C. MARSHALL SPACE FLIGHT CENTER,2434,135,4,24,0,8,48,0,0,2653,29,0,0,0,0,15,0,0,44,0,2697
NN-NAT AERONAUTICS AND SPACE ADMINISTRATION,NN64-JOHN C. STENNIS SPACE CENTER,238,34,2,8,0,1,7,0,0,290,2,0,6,0,0,0,0,0,8,0,298
NN-NAT AERONAUTICS AND SPACE ADMINISTRATION,NN72-LYNDON B. JOHNSON SPACE CENTER,2565,234,19,60,0,8,57,0,0,2943,13,0,2,0,0,17,0,0,32,0,2975
NN-NAT AERONAUTICS AND SPACE ADMINISTRATION,NN76-JOHN F. KENNEDY SPACE CENTER,1583,134,7,34,0,8,22,0,0,1788,28,1,13,0,0,9,0,0,51,0,1839
NQ-NAT ARCHIVES AND RECORDS ADMINISTRATION,NQ00-NAT ARCHIVES AND RECORDS ADMINISTRATION,2034,551,15,2,0,4,13,0,0,2619,64,1,284,1,1,6,0,0,357,0,2976
NU-NUCLEAR REGULATORY COMMISSION,NU00-NUCLEAR REGULATORY COMMISSION,0,0,0,0,0,2850,145,0,0,2995,0,0,0,0,3,144,0,0,147,1,3143
OM-OFFICE OF PERSONNEL MANAGEMENT,OM00-OFFICE OF PERSONNEL MANAGEMENT,2214,215,937,35,0,6,43,6,0,3456,11,1,60,24,3,7,8,1,115,0,3571
RR-RAILROAD RETIREMENT BOARD,RR00-RAILROAD RETIREMENT BOARD,1083,33,0,0,0,1,11,0,0,1128,0,0,0,0,3,1,0,0,4,0,1132
SB-SMALL BUSINESS ADMINISTRATION,SB00-SMALL BUSINESS ADMINISTRATION,2750,124,209,5,0,6,37,14,0,3145,166,218,12,45,4,45,4,0,494,0,3639
SE-SECURITIES AND EXCHANGE COMMISSION,SE00-SECURITIES AND EXCHANGE COMMISSION,1444,276,1393,2,0,1,0,0,0,3116,22,47,50,16,5,0,0,0,140,0,3256
SM-SMITHSONIAN INSTITUTION,SM01-NATIONAL GALLERY OF ART,636,99,9,0,0,24,0,0,0,768,34,0,4,0,0,0,0,0,38,0,806
SM-SMITHSONIAN INSTITUTION,SM02-WOODROW WILSON INTER CTR FOR SCHOLARS,24,11,0,0,0,0,0,0,0,35,0,7,0,0,0,1,0,0,8,0,43
SM-SMITHSONIAN INSTITUTION,SM03-SMITHSONIAN INST (EXC SEP BRDS OF TRUST),3095,748,21,0,0,65,0,0,0,3929,336,5,8,0,0,4,0,0,353,0,4282
SM-SMITHSONIAN INSTITUTION,SM04-JOHN F. KENNEDY CTR FOR THE PERFORM ARTS,36,15,0,0,0,0,0,0,0,51,1,0,0,0,0,0,0,0,1,0,52
SZ-SOCIAL SECURITY ADMINISTRATION,SZ00-SOCIAL SECURITY ADMINISTRATION,52996,5743,1133,2747,0,849,121,10,0,63599,399,216,645,5,5,33,1,0,1304,0,64903
AH-NAT FOUNDATION ON ARTS AND HUMANITIES,AH01-NATIONAL ENDOWMENT FOR THE ARTS,102,15,1,0,0,0,3,2,0,123,1,21,0,7,13,0,0,0,42,0,165
AH-NAT FOUNDATION ON ARTS AND HUMANITIES,AH02-NATIONAL ENDOWMENT FOR THE HUMANITIES,85,2,2,48,0,1,9,2,0,149,3,0,1,3,26,0,0,0,33,0,182
AH-NAT FOUNDATION ON ARTS AND HUMANITIES,AH03-INSTITUTE OF MUSEUM AND LIBRARY SERVICES,29,7,2,4,0,5,0,0,0,47,0,0,0,0,26,3,0,0,29,0,76
AU-FEDERAL LABOR RELATIONS AUTHORITY,AU00-FEDERAL LABOR RELATIONS AUTHORITY,81,7,85,0,0,1,14,0,0,188,0,2,2,0,11,4,0,0,19,0,207
BD-MERIT SYSTEMS PROTECTION BOARD,BD00-MERIT SYSTEMS PROTECTION BOARD,83,10,63,0,0,48,11,2,0,217,1,1,0,3,2,0,0,0,7,0,224
BG-PENSION BENEFIT GUARANTY CORPORATION,BG00-PENSION BENEFIT GUARANTY CORPORATION,546,111,82,0,0,1,0,0,0,740,4,7,39,3,0,0,0,0,53,0,793
BO-OFFICE OF MANAGEMENT AND BUDGET,BO00-OFFICE OF MANAGEMENT AND BUDGET,293,77,22,1,0,3,57,10,0,463,2,1,8,16,5,3,0,0,35,0,498
CT-COMMODITY FUTURES TRADING COMMISSION,CT00-COMMODITY FUTURES TRADING COMMISSION,299,20,171,0,0,0,0,0,0,490,4,6,19,9,4,1,0,0,43,0,533
CU-NATIONAL CREDIT UNION ADMINISTRATION,CU00-NATIONAL CREDIT UNION ADMINISTRATION,835,40,16,0,2,5,0,0,0,898,2,0,5,4,3,0,0,0,14,0,912
EB-EXPORT-IMPORT BANK OF THE UNITED STATES,EB00-EXPORT-IMPORT BANK OF THE UNITED STATES,310,41,24,0,0,0,0,0,0,375,0,1,4,9,2,2,0,0,18,0,393
EC-OFFICE OF ADMINISTRATION,EC00-OFFICE OF ADMINISTRATION,108,34,62,0,0,6,0,0,0,210,3,6,0,0,0,1,0,0,10,0,220
FL-FARM CREDIT ADMINISTRATION,FL00-FARM CREDIT ADMINISTRATION,236,6,16,6,0,0,0,0,0,264,0,0,1,6,4,11,0,0,22,0,286
FM-FED MEDIATION AND CONCILIATION SERVICE,FM00-FED MEDIATION AND CONCILIATION SERVICE,60,9,4,0,0,213,2,0,0,288,1,0,0,0,1,0,0,0,2,0,290
FQ-COURT SERVICES AND OFFENDR SUPERVSN AGY,FQ01-OFFICE OF THE DIRECTOR,0,0,664,0,0,8,0,0,0,672,0,13,5,0,1,1,0,0,20,0,692
FY-FEDERAL HOUSING FINANCE BOARD,FY00-FEDERAL HOUSING FINANCE BOARD,64,11,10,0,0,0,0,0,0,85,1,1,4,5,3,4,0,0,18,0,103
GB-OVERSEAS PRIVATE INVESTMENT CORPORATION,GB00-OVERSEAS PRIVATE INVESTMENT CORPORATION,125,35,11,0,0,14,0,0,0,185,2,0,0,0,9,17,0,0,28,0,213
GJ-PRESIDIO TRUST,GJ00-PRESIDIO TRUST,0,0,0,0,0,269,0,0,0,269,0,0,0,0,0,59,0,0,59,0,328
GW-INTERNAT BOUNDARY & WATER CMSN: US & MEX,GW00-INTERNAT BOUNDARY & WATER CMSN: US & MEX,210,19,1,1,0,7,0,0,0,238,21,1,6,1,1,2,0,0,32,0,270
HD-U.S. HOLOCAUST MEMORIAL MUSEUM,HD00-U.S. HOLOCAUST MEMORIAL MUSEUM,172,49,0,0,0,7,0,0,0,228,4,0,0,0,0,1,0,0,5,0,233
KS-CORP FOR NATIONAL AND COMMUNITY SERVICE,KS00-CORP FOR NATIONAL AND COMMUNITY SERVICE,108,0,0,0,0,81,2,0,0,191,1,0,0,0,2,392,0,0,395,0,586
LF-FEDERAL ELECTION COMMISSION,LF00-FEDERAL ELECTION COMMISSION,0,0,0,2,0,350,0,0,0,352,0,0,0,0,0,17,0,0,17,0,369
LT-U.S. TAX COURT,LT00-U.S. TAX COURT,108,12,7,0,0,9,0,0,0,136,0,54,1,24,0,10,0,0,89,1,226
MC-FEDERAL MARITIME COMMISSION,MC00-FEDERAL MARITIME COMMISSION,84,8,22,0,0,1,6,0,0,121,0,0,0,2,5,1,0,0,8,0,129
PU-PEACE CORPS,PU00-PEACE CORPS,0,0,0,0,0,25,0,0,0,25,0,0,0,0,0,887,0,0,887,0,912
QQ-OFFICE OF NATIONAL DRUG CONTROL POLICY,QQ00-OFFICE OF NATIONAL DRUG CONTROL POLICY,48,9,9,0,0,0,12,2,0,80,0,4,4,13,5,12,0,0,38,0,118
RF-FED RETIREMENT THRIFT INVESTMENT BOARD,RF00-FED RETIREMENT THRIFT INVESTMENT BOARD,79,5,4,0,0,1,7,0,0,96,0,0,4,0,0,6,0,0,10,0,106
RH-ARMED FORCES RETIREMENT HOME,RH01-ARMED FORCES RETIREMENT HOME - GULFPORT,109,38,1,0,0,2,0,0,0,150,0,0,0,0,0,4,0,0,4,0,154
RH-ARMED FORCES RETIREMENT HOME,RH02-ARMED FORCES RETIREMENT HOME - WASHINGTN,393,72,5,0,0,9,0,0,0,479,4,14,0,0,0,10,0,0,28,0,507
SK-CONSUMER PRODUCT SAFETY COMMISSION,SK00-CONSUMER PRODUCT SAFETY COMMISSION,377,37,27,0,0,0,9,1,0,451,1,3,11,13,3,0,0,0,31,0,482
SS-SELECTIVE SERVICE SYSTEM,SS00-SELECTIVE SERVICE SYSTEM,146,10,1,0,0,1,1,1,0,160,1,54,0,1,0,2,0,0,58,0,218
TB-NATIONAL TRANSPORTATION SAFETY BOARD,TB00-NATIONAL TRANSPORTATION SAFETY BOARD,318,60,5,4,0,0,11,0,0,398,4,3,15,6,5,0,0,0,33,0,431
TC-U.S. INTERNATIONAL TRADE COMMISSION,TC00-U.S. INTERNATIONAL TRADE COMMISSION,250,27,54,0,0,0,8,0,0,339,4,3,1,7,5,0,1,0,21,0,360
TN-OFFICE OF THE U.S. TRADE REPRESENTATIVE,TN00-OFFICE OF THE U.S. TRADE REPRESENTATIVE,93,20,30,0,0,17,14,3,0,177,0,1,1,6,5,4,0,0,17,0,194
AB-AMERICAN BATTLE MONUMENTS COMMISSION,AB00-AMERICAN BATTLE MONUMENTS COMMISSION,16,3,0,0,0,0,1,0,0,20,26,0,0,0,1,0,0,0,27,0,47
AI-U.S. INSTITUTE OF PEACE,AI00-U.S. INSTITUTE OF PEACE,0,0,0,0,0,11,0,0,0,11,0,0,0,0,6,69,0,0,75,0,86
AN-AFRICAN DEVELOPMENT FOUNDATION,AN00-AFRICAN DEVELOPMENT FOUNDATION,18,4,0,0,0,3,0,0,0,25,0,0,0,0,0,2,0,0,2,0,27
AP-APPALACHIAN REGIONAL COMMISSION,AP00-APPALACHIAN REGIONAL COMMISSION,3,2,0,0,0,0,0,0,0,5,0,0,0,1,2,0,0,0,3,0,8
AW-ARCTIC RESEARCH COMMISSION,AW00-ARCTIC RESEARCH COMMISSION,0,1,0,0,0,0,0,0,0,1,0,0,0,0,0,0,0,0,0,0,1
BF-DEFENSE NUCLEAR FACILITIES SAFETY BOARD,BF00-DEFENSE NUCLEAR FACILITIES SAFETY BOARD,23,2,10,0,0,47,10,0,0,92,1,0,0,0,3,1,0,0,5,0,97
BK-JAMES MADISON MEMORIAL FELLOWSHIP FOUND,BK00-JAMES MADISON MEMORIAL FELLOWSHIP FOUND,0,0,0,0,0,6,0,0,0,6,0,0,0,0,0,0,0,0,0,0,6
BT-ARCHITECTL & TRANS BARRIER COMPLIANCE BD,BT00-ARCHITECTL & TRANS BARRIER COMPLIANCE BD,21,1,4,0,0,0,1,0,0,27,0,0,1,0,11,2,0,0,14,0,41
BW-NUCLEAR WASTE TECHNICAL REVIEW BOARD,BW00-NUCLEAR WASTE TECHNICAL REVIEW BOARD,3,1,0,0,0,8,0,0,0,12,0,0,0,0,4,9,0,0,13,0,25
BZ-CHRISTOPHER COLUMBUS FELLOWSHIP FOUNDATN,BZ00-CHRISTOPHER COLUMBUS FELLOWSHIP FOUNDATN,0,0,0,0,0,1,0,0,0,1,0,0,0,0,2,5,0,0,7,0,8
CC-COMMISSION ON CIVIL RIGHTS,CC00-COMMISSION ON CIVIL RIGHTS,39,8,8,0,0,0,1,1,0,57,0,0,0,10,4,4,0,0,18,0,75
CE-COUNCIL OF ECONOMIC ADVISERS,CE00-COUNCIL OF ECONOMIC ADVISERS,4,1,0,0,0,6,1,0,0,12,0,0,0,3,1,16,0,0,20,0,32
CF-COMMISSION OF FINE ARTS,CF00-COMMISSION OF FINE ARTS,5,2,0,0,0,0,1,0,0,8,0,0,0,0,0,0,0,0,0,0,8
CX-NAT CMSN ON LIBRARIES AND INFO SCIENCE,CX00-NAT CMSN ON LIBRARIES AND INFO SCIENCE,0,0,0,0,0,3,0,1,0,4,0,0,0,0,2,7,0,0,9,0,13
EO-MORRIS K UDALL SCHOLARSHIP...FOUNDATION,EO00-MORRIS K UDALL SCHOLARSHIP...FOUNDATION,0,0,0,0,0,6,0,0,0,6,0,0,0,0,5,28,0,0,33,0,39
EQ-COUNCIL ON ENVIR QUAL/OFC OF ENVIR QUAL,EQ00-COUNCIL ON ENVIR QUAL/OFC OF ENVIR QUAL,2,2,4,0,0,4,0,0,0,12,1,0,0,4,1,3,0,0,9,0,21
EW-TRADE AND DEVELOPMENT AGENCY,EW00-TRADE AND DEVELOPMENT AGENCY,21,9,5,0,0,3,2,0,0,40,0,1,0,2,1,0,0,0,4,0,44
EX-EXECUTIVE RESIDENCE AT THE WHITE HOUSE,EX00-EXECUTIVE RESIDENCE AT THE WHITE HOUSE,1,0,0,0,0,18,0,0,0,19,0,30,0,0,0,41,0,0,71,0,90
FI-FEDERAL FINANCIAL INST. EXAM. COUNCIL,FI00-FEDERAL FINANCIAL INST. EXAM. COUNCIL,5,0,1,0,0,0,0,0,0,6,0,0,0,0,0,0,0,0,0,0,6
FJ-CHEMICAL SAFETY/HAZARD INVESTIGATION BD,FJ00-CHEMICAL SAFETY/HAZARD INVESTIGATION BD,13,8,0,0,0,8,2,0,0,31,0,1,0,1,5,0,0,0,7,0,38
FK-FARM CREDIT SYSTEM INSURANCE CORPORATION,FK00-FARM CREDIT SYSTEM INSURANCE CORPORATION,8,1,1,0,0,0,0,0,0,10,0,0,0,0,0,0,0,0,0,0,10
FW-OFFICE OF SPECIAL COUNSEL,FW00-OFFICE OF SPECIAL COUNSEL,46,5,36,1,0,1,4,0,0,93,0,1,3,1,0,0,0,0,5,0,98
GE-BARRY GOLDWATER SCHOL & EXCEL IN ED FOUN,GE00-BARRY GOLDWATER SCHOL & EXCEL IN ED FOUN,0,0,0,0,0,2,0,1,0,3,0,0,0,0,1,7,0,0,8,0,11
GG-OFFICE OF GOVERNMENT ETHICS,GG00-OFFICE OF GOVERNMENT ETHICS,50,7,11,0,0,0,5,0,0,73,0,0,2,1,1,1,0,0,5,0,78
GO-VIETNAM EDUCATION FOUNDATION,GO00-VIETNAM EDUCATION FOUNDATION,0,0,0,0,0,0,0,0,0,0,0,0,0,0,4,4,0,0,8,0,8
GX-INTERNAT BOUNDARY CMSN: U.S. AND CANADA,GX00-INTERNAT BOUNDARY CMSN: U.S. AND CANADA,1,1,0,0,0,0,0,0,0,2,0,0,0,0,0,3,0,0,3,0,5
GY-INTERNATIONAL JOINT CMSN: U.S. & CANADA,GY00-INTERNATIONAL JOINT CMSN: U.S. & CANADA,9,2,1,0,0,1,0,0,0,13,1,0,0,1,3,0,0,0,5,0,18
HB-CMTE FOR PURCH FRM PPLE BLIND OR SEV DIS,HB00-CMTE FOR PURCH FRM PPLE BLIND OR SEV DIS,17,5,3,0,1,0,1,0,0,27,0,0,0,0,4,1,0,0,5,0,32
HP-ADV COUNCIL ON HISTORIC PRESERVATION,HP00-ADV COUNCIL ON HISTORIC PRESERVATION,0,0,0,0,1,31,1,0,0,33,0,0,0,0,8,9,0,0,17,0,50
HT-HARRY S. TRUMAN SCHOLARSHIP FOUNDATION,HT00-HARRY S. TRUMAN SCHOLARSHIP FOUNDATION,1,0,0,0,0,0,0,1,0,2,0,0,0,0,0,0,0,0,0,0,2
IF-INTER-AMERICAN FOUNDATION,IF00-INTER-AMERICAN FOUNDATION,26,17,2,3,0,0,0,0,0,48,0,1,0,0,1,0,0,0,2,0,50
MA-MARINE MAMMAL COMMISSION,MA00-MARINE MAMMAL COMMISSION,5,3,1,0,0,3,0,0,0,12,0,0,0,0,1,8,0,0,9,0,21
NK-NATIONAL COUNCIL ON DISABILITY,NK00-NATIONAL COUNCIL ON DISABILITY,6,1,3,0,0,2,0,0,0,12,0,0,0,0,12,3,0,0,15,0,27
NM-NATIONAL MEDIATION BOARD,NM00-NATIONAL MEDIATION BOARD,26,9,5,2,0,0,2,0,0,44,0,0,3,3,3,0,0,0,9,0,53
NP-NATIONAL CAPITAL PLANNING COMMISSION,NP00-NATIONAL CAPITAL PLANNING COMMISSION,28,19,2,0,0,0,3,0,0,52,0,0,0,0,4,1,0,0,5,0,57
NS-NATIONAL SECURITY COUNCIL,NS00-NATIONAL SECURITY COUNCIL,0,0,52,0,0,0,0,0,0,52,1,4,0,0,0,0,0,0,5,0,57
OS-OCCUPATIONAL SAFETY & HEALTH REVIEW CMSN,OS00-OCCUPATIONAL SAFETY & HEALTH REVIEW CMSN,30,5,12,0,0,5,2,1,0,55,0,1,0,3,2,1,0,0,7,0,62
RE-OFC OF NAVAJO AND HOPI INDIAN RELOCATION,RE00-OFC OF NAVAJO AND HOPI INDIAN RELOCATION,53,0,0,0,0,0,2,0,0,55,0,0,0,0,0,0,0,0,0,0,55
RS-FED MINE SAFETY AND HEALTH REVIEW CMSN,RS00-FED MINE SAFETY AND HEALTH REVIEW CMSN,19,5,5,0,0,2,2,0,0,33,0,1,0,2,5,0,0,0,8,0,41
TS-OFFICE OF SCIENCE AND TECHNOLOGY POLICY,TS00-OFFICE OF SCIENCE AND TECHNOLOGY POLICY,9,0,5,0,0,0,2,1,0,17,0,3,0,4,3,3,0,0,13,0,30
UJ-JAPAN-UNITED STATES FRIENDSHIP CMSN,UJ00-JAPAN-UNITED STATES FRIENDSHIP CMSN,3,0,0,0,0,0,1,0,0,4,0,0,0,0,0,9,0,0,9,0,13
UT-UTAH RECLAMATN MITIGATN & CONSERVTN CMSN,UT00-UTAH RECLAMATN MITIGATN & CONSERVTN CMSN,0,0,0,0,0,12,0,0,0,12,0,0,0,0,1,4,0,0,5,0,17
ZL-MEDICARE PAYMENT ADVISORY COMMISSION,ZL00-MEDICARE PAYMENT ADVISORY COMMISSION,0,0,0,0,0,33,0,0,0,33,0,0,0,0,0,17,0,0,17,0,50
ZP-U.S. CMSN ON INTERNATL RELIGIOUS FREEDOM,ZP00-U.S. CMSN ON INTERNATL RELIGIOUS FREEDOM,0,0,0,0,0,0,0,0,0,0,0,0,0,0,0,23,0,0,23,0,23
ZS-U.S.-CHINA ECONOMIC & SECURITY REV CMSN,ZS00-U.S.-CHINA ECONOMIC & SECURITY REV CMSN,0,0,0,0,0,0,0,0,0,0,0,0,0,0,0,26,0,0,26,0,26
ZW-COMMISSION ON OCEAN POLICY,ZW00-COMMISSION ON OCEAN POLICY,0,0,0,0,0,0,0,0,0,0,0,0,0,0,8,20,0,0,28,0,28
ZZ-NAT CMSN ON TERRORIST ATTACKS UPON U.S.,ZZ00-NAT CMSN ON TERRORIST ATTACKS UPON U.S.,0,0,0,0,0,0,0,0,0,0,0,0,0,0,0,53,0,0,53,0,53
